,Flow Duration,Total Fwd Packets,Total Backward Packets,Total Length of Fwd Packets,Total Length of Bwd Packets,Fwd Packet Length Max,Fwd Packet Length Min,Fwd Packet Length Mean,Fwd Packet Length Std,Bwd Packet Length Max,Bwd Packet Length Min,Bwd Packet Length Mean,Bwd Packet Length Std,Flow Bytes/s,Flow Packets/s,Flow IAT Mean,Flow IAT Std,Flow IAT Max,Flow IAT Min,Fwd IAT Total,Fwd IAT Mean,Fwd IAT Std,Fwd IAT Max,Fwd IAT Min,Bwd IAT Total,Bwd IAT Mean,Bwd IAT Std,Bwd IAT Max,Bwd IAT Min,Fwd PSH Flags,Fwd Header Length,Bwd Header Length,Fwd Packets/s,Bwd Packets/s,Min Packet Length,Max Packet Length,Packet Length Mean,Packet Length Std,Packet Length Variance,FIN Flag Count,SYN Flag Count,PSH Flag Count,ACK Flag Count,URG Flag Count,Down/Up Ratio,Average Packet Size,Avg Fwd Segment Size,Avg Bwd Segment Size,Subflow Fwd Packets,Subflow Fwd Bytes,Subflow Bwd Packets,Subflow Bwd Bytes,Init_Win_bytes_forward,Init_Win_bytes_backward,act_data_pkt_fwd,min_seg_size_forward,Active Mean,Active Std,Active Max,Active Min,Idle Mean,Idle Std,Idle Max,Idle Min,proto_TCP,proto_UDP,proto_outro,porta_conhecida,porta_registada,porta_efemera
Flow Duration,1.0,0.6024481655364265,0.28357344632467263,0.22286738006172432,0.2843444469104191,0.2020076669881334,-0.34855929501558114,0.14945713536457492,0.35806507908991597,0.27402712189771944,-0.2641381844174647,0.22827771833389432,0.40336562962152406,-0.23700293944947892,-0.9260961664811946,0.8934401886304987,0.671360640299649,0.9890144220864245,-0.003830964033919951,0.809756667182229,0.7651331578549944,0.6270480514694898,0.7985550560532712,0.5168788797597608,0.5082821184361185,0.49962973439890773,0.49076164706827197,0.507645417794897,0.39317788577376195,-0.1739792513077298,0.5396728584748943,0.2777198732798192,-0.9401728627565932,-0.48736145178281415,-0.2576067443898228,0.22927838016783114,0.20201483063901707,0.2049857695954241,0.20496971178511822,-0.13052818514692796,-0.1739792513077298,0.4695933223693693,-0.21838553100100824,-0.11706059584902935,-0.20234740758475436,0.18760603576419538,0.14943462552088072,0.22827751601008847,0.6024481655364265,0.22286738006172432,0.28357344632467263,0.2843444469104191,0.5010354736389041,0.14366570334189888,0.43861979671643364,-0.15816540821530417,0.48374172517197284,0.25063642324784446,0.48408161493521257,0.4827202145716858,0.50372165965043,0.27356994135581897,0.5041307077085826,0.5021922194629767,0.2360608702570251,-0.2620077331254486,0.12223210941855395,0.2922180721921227,-0.1901083207611806,-0.21703689937405488
Total Fwd Packets,0.6024481655364265,1.0,0.5215615949802408,0.5567564313751943,0.5310834586691108,0.5312788250330288,-0.5188024380402815,0.42015767439242097,0.7700416784489242,0.5108210804637229,-0.4844733398307529,0.44105014447223834,0.7649159588065918,0.15936036132897927,-0.3195352909647035,0.24733587578354285,0.7589527470313702,0.5181915668154871,-0.6164499321397033,0.7700134330347089,0.6588432893775241,0.8228644545082852,0.7389115874802381,0.487557025834675,0.7344948750548067,0.7050340704425262,0.7576783937374594,0.7277136165103416,0.6350087855122399,-0.04317753250405764,0.9436830446782947,0.5221647337402634,-0.32946725594942566,-0.25489972930312244,-0.4786718312385958,0.5239615734895475,0.4957377943920605,0.5180199025452008,0.5180160806452399,-0.009620119842644534,-0.04317753250405764,0.712355310112142,-0.2921715186553416,-0.3145210524498817,-0.31883077940469934,0.47231408088480065,0.4201429364502751,0.44104983149343,1.0,0.5567564313751943,0.5215615949802408,0.5310834586691108,0.7263011989002474,0.2836453320762227,0.8233687941601947,-0.07069371656121165,0.4392905522126466,0.21356747533493387,0.4394510580342571,0.43807367393837565,0.4280041701707482,0.2204966801146218,0.42855962235303874,0.42748612789733204,0.45267101375904684,-0.47117409402694904,0.07160383946074018,0.22260680018158235,-0.14704948655866928,-0.16235599147140323
Total Backward Packets,0.28357344632467263,0.5215615949802408,1.0,0.7740534546591,0.8318802604793992,0.7659960408851239,-0.0385867236491589,0.7010993170374087,0.735826630663572,0.8157441638811079,-0.011476820979441556,0.7790489835397215,0.8189974520716773,0.5335115099426632,0.01608144709177604,-0.08289254441317612,0.5779091632294463,0.21873798044192455,-0.7238736673997082,0.10190873616265057,-0.061859975863083956,0.5298666942936195,0.060186456513025476,-0.29490050882006985,0.8583195873487053,0.8359899279658192,0.8262974409794441,0.8534816991635196,0.7911916762042526,-0.019364154388205917,0.5350759457597208,0.9794516568221818,-0.062051085202520666,0.5288221615084394,-0.058587980712842644,0.7982125431682591,0.7790334552453276,0.8101228884662944,0.8101159544903093,-0.09269281813734889,-0.019364154388205917,0.6801099689158923,-0.5844072229664429,-0.30822862657793615,0.4853917061971843,0.7648256067393508,0.7010766337170267,0.7790488191674599,0.5215615949802408,0.7740534546591,1.0,0.8318802604793992,0.41410845346738,0.6119559890084,0.7696372353058117,0.08177681035999307,0.36842357284992516,0.14618458961615513,0.3681033061792985,0.3680822163836181,0.3322521002972357,0.09578861897612091,0.332565877114687,0.3325015411966695,0.043162739208039175,-0.02388554811499675,-0.10277319065868941,0.10369321453015243,-0.0842632598712097,-0.05454897410084217
Total Length of Fwd Packets,0.22286738006172432,0.5567564313751943,0.7740534546591,1.0,0.864972933191144,0.9908026108613759,0.2003005045856614,0.9591312857960093,0.8446242590845143,0.8543472489335507,0.13884087917427873,0.8211687568147016,0.7769287837649995,0.7759671951190104,0.05412196020690408,-0.11468333622844269,0.43237898487176235,0.15637250081849546,-0.6434309789451156,0.1626175284866694,0.014130611771788862,0.5003677557725559,0.12474820732597133,-0.1893257352481179,0.7113724239863216,0.6843624194713548,0.7603542224112442,0.7064253171823005,0.6295431404726193,0.16898803269495732,0.566645166294473,0.7542393580296319,0.002121552057336632,0.3412709162424331,0.16437475772104052,0.9480439909066768,0.9500921617721658,0.931339110887701,0.9313416389888669,-0.10999388172695107,0.16898803269495732,0.5391410073220537,-0.5960865887283079,-0.48865217700502345,0.27378719841709065,0.9420789789505019,0.9591261392179878,0.8211686675090439,0.5567564313751943,1.0,0.7740534546591,0.864972933191144,0.2659991471495742,0.20656922119645227,0.8455076326556581,0.10914506639540111,0.34868139718827174,0.13833028476297973,0.34830530288138767,0.3485194480256106,0.32803390112589,0.11232401820267458,0.3285429151031024,0.327426864479135,-0.13396170332936297,0.15127892997685538,-0.08287005586975366,0.2090082440464401,-0.13826680588661708,-0.1521702948042281
Total Length of Bwd Packets,0.2843444469104191,0.5310834586691108,0.8318802604793992,0.864972933191144,1.0,0.8591679254581155,0.11970764493663573,0.807682024345412,0.7429709622208823,0.9910945381716462,0.2529011529194058,0.983220905859095,0.8404051934173923,0.6719232695971985,-0.008216779640578972,-0.04724031499547157,0.4157135549682014,0.22402213949318076,-0.5930425210809771,0.12776970819041597,-0.028705575300580183,0.4694868028122565,0.0863321717257653,-0.24008564311430358,0.727440475977037,0.6929436064664762,0.7736048275396715,0.7217861507339871,0.6152768508683454,-0.10978041243647714,0.5424532342969791,0.8134333406632458,-0.06728335460977021,0.3623386881961838,0.19629129344171228,0.9317734185482563,0.9280798759164844,0.9352270841131026,0.9352250958749645,-0.0865589848882986,-0.10978041243647714,0.6002931996528122,-0.7191492976414715,-0.4766279610827436,0.36179402029123797,0.9210209712451911,0.8076699538789973,0.9832208380686543,0.5310834586691108,0.864972933191144,0.8318802604793992,1.0,0.2925384255426411,0.19642938791906192,0.7566982840015163,0.11450616849894718,0.3422994685836688,0.11713955006307673,0.3417701974683981,0.3427974614822806,0.3090664734815926,0.07899420227858289,0.30931500556855956,0.30933041551180684,-0.20699893043131384,0.2234610032275026,-0.07441838229746414,0.31534743346876876,-0.23019249737809308,-0.20074134706075386
Fwd Packet Length Max,0.2020076669881334,0.5312788250330288,0.7659960408851239,0.9908026108613759,0.8591679254581155,1.0,0.19929036926374505,0.9693668430095624,0.8547214793655125,0.8535545129550334,0.1501429483566504,0.8170827737339427,0.7724049340054489,0.7803975555592525,0.06322451318670728,-0.12282487696569463,0.4253389961678221,0.13803002265866673,-0.637192754777325,0.13745261588170543,-0.0008535039370966795,0.490383758898683,0.10367531062373095,-0.19409198293808536,0.7017608406044316,0.681132094344732,0.7551723654466499,0.6988430720814395,0.6352029849740665,0.15571679081669723,0.5415573238089906,0.7459431526684955,0.010923742166083281,0.35234207412954566,0.16071491280117378,0.9485173136076703,0.9476332260382316,0.9368768057123941,0.9368793430892196,-0.11012361171270554,0.15571679081669723,0.5427344340493097,-0.6016697914725492,-0.49571036962516163,0.2868026848586533,0.9399723434027578,0.969360397636291,0.8170827147118402,0.5312788250330288,0.9908026108613759,0.7659960408851239,0.8591679254581155,0.2652456519041772,0.20848216719132479,0.8142832943523377,0.0964056832823378,0.318469573302432,0.11572487868630511,0.31801300000990523,0.318985266320126,0.3011865008114271,0.08901393673761056,0.30143664904279927,0.30088803973832706,-0.13664811364218626,0.15399390449868003,-0.08287181263817736,0.21712032386361726,-0.14888429797264263,-0.1510557375443404
Fwd Packet Length Min,-0.34855929501558114,-0.5188024380402815,-0.0385867236491589,0.2003005045856614,0.11970764493663573,0.19929036926374505,1.0,0.3034322780661274,-0.289756332071399,0.1234082386582408,0.8150281362159347,0.20062074036456698,-0.2749991957568461,0.48128499166880023,0.2621362521555841,-0.23154873228272302,-0.39193315624726005,-0.3157497662614386,0.20879783557008735,-0.5305091040792644,-0.5373424820498887,-0.35955478778937405,-0.5323399572725879,-0.5447591135267219,-0.2978667613357395,-0.29768175971088795,-0.2866592028600113,-0.29836480105497537,-0.2774943968695439,0.1480393435100046,-0.4778494279242517,-0.0384460195718605,0.2467571150601569,0.40194272946039933,0.8924991787417595,0.1773563987081519,0.23871659141512688,0.16083921059405282,0.1608512810615317,-0.06151122265466806,0.1480393435100046,-0.39927564501312146,-0.3159177421469019,-0.24542983230467338,0.39866859733854076,0.26110558616737006,0.3034437282754351,0.2006210725213242,-0.5188024380402815,0.2003005045856614,-0.0385867236491589,0.11970764493663573,-0.7120221102746325,-0.40735281529935957,-0.22090554706656773,0.1296620188748199,-0.154527614911296,-0.07360216868900965,-0.15460684931884355,-0.15444138556457349,-0.16305949374389778,-0.06708741761180603,-0.16301069961668135,-0.16308384885213967,-0.8474106294244163,0.8650723056330494,-0.045616892205397705,0.10768339971183949,-0.06588298293106193,-0.08555763296324669
Fwd Packet Length Mean,0.14945713536457492,0.42015767439242097,0.7010993170374087,0.9591312857960093,0.807682024345412,0.9693668430095624,0.3034322780661274,1.0,0.7873708215218486,0.8119467161684406,0.23014542286676154,0.7748133409548403,0.6987177701248658,0.7724631582003949,0.06871700456383749,-0.1209428852275812,0.36100694767185554,0.09476032793634845,-0.5560246997461503,0.06586910487890725,-0.04873342729143145,0.4251670218119383,0.03758059292778388,-0.2224843935462904,0.623316632187649,0.6152031013158868,0.6791539873812033,0.6221965895305859,0.5804673761086377,0.15198120457560982,0.43352382481297386,0.6815315845266395,0.019722389747466273,0.3671509352284112,0.2510281873751563,0.9119272351643514,0.9161392914880896,0.8905083272329151,0.8905123555188718,-0.11043938934720547,0.15198120457560982,0.4728344835929015,-0.6062399648866038,-0.4908524398520751,0.30036264322014605,0.9116787015890615,0.9999997481620466,0.7748133883587182,0.42015767439242097,0.9591312857960093,0.7010993170374087,0.807682024345412,0.17719946399708664,0.15611484329935346,0.7372498035772209,0.09272630750579067,0.2708916966294502,0.09343304340551932,0.2704107337613871,0.27215794421065886,0.25498009823349943,0.06979713723906669,0.2551995272261813,0.25461806013863897,-0.2213771009192784,0.23961234137016055,-0.08286752097387629,0.22353212965405178,-0.15062609831615834,-0.159066198980367
Fwd Packet Length Std,0.35806507908991597,0.7700416784489242,0.735826630663572,0.8446242590845143,0.7429709622208823,0.8547214793655125,-0.289756332071399,0.7873708215218486,1.0,0.7374647544331834,-0.2360401530612117,0.6611856094073407,0.8745954553300301,0.5037209738735271,-0.06983739848308293,-0.0034207571784687658,0.6086823991899984,0.2803050089996463,-0.708178642121195,0.4039880678066874,0.2848173601345958,0.6589289782689305,0.3765561334013542,0.11119621399962795,0.8151445519108645,0.8021078225410953,0.8616718961839327,0.8136442020926395,0.7599582301468666,0.08782278205405836,0.7605305407671293,0.7158269233268743,-0.10998310789286343,0.11923640537324147,-0.27193364795591984,0.8000411309540849,0.7775109382237161,0.810569612089525,0.810564218014585,-0.07445097518934259,0.08782278205405836,0.67284367689317,-0.406611354089322,-0.3513055079356317,0.05124954163270153,0.7591135179843649,0.7873610592232974,0.6611854876187495,0.7700416784489242,0.8446242590845143,0.735826630663572,0.7429709622208823,0.5626001825876056,0.36830122168868423,0.9002610530713998,0.022593505481471158,0.3676471561616853,0.14145182639470116,0.3672440139758657,0.3683879989109888,0.359688626459166,0.10863985646206294,0.3597242830232118,0.3597845558260329,0.25419017638442615,-0.24604409578150965,-0.05634316355619388,0.14562783162969767,-0.10181042445837195,-0.09870939367763652
Bwd Packet Length Max,0.27402712189771944,0.5108210804637229,0.8157441638811079,0.8543472489335507,0.9910945381716462,0.8535545129550334,0.1234082386582408,0.8119467161684406,0.7374647544331834,1.0,0.25626675142148914,0.9818084497687112,0.8429712317262618,0.6669357698497244,-0.012525621288367254,-0.04185262565118585,0.4098278456738039,0.2164297558813621,-0.583086934270109,0.11236573696740543,-0.0344850082076683,0.460407029423649,0.07309355807875705,-0.2376279457016226,0.714168545096602,0.6864289456433564,0.7648253121976762,0.7102278482429223,0.6114361500045142,-0.12559311393522718,0.521851302872406,0.7963345597665465,-0.07030622769331223,0.3579490188889915,0.20097900724022022,0.9387206958738953,0.9227965735237104,0.9308464587162012,0.9308444454297965,-0.08821934733901665,-0.12559311393522718,0.6095080715458167,-0.7306749602172329,-0.4768482397238229,0.3530216358139331,0.9164199748118382,0.8119353438078244,0.981808424636473,0.5108210804637229,0.8543472489335507,0.8157441638811079,0.9910945381716462,0.2947647029912665,0.1863287510891352,0.7393639228587977,0.09723758197228688,0.3250649790646422,0.08405010467439004,0.32431104292086427,0.3268154853125333,0.29289660116406874,0.04856490335101111,0.29270374129765075,0.29382452011753324,-0.21086193965510797,0.22737013883151241,-0.07444722105803596,0.32104478955852656,-0.23658539119398228,-0.20138124189779133
Bwd Packet Length Min,-0.2641381844174647,-0.4844733398307529,-0.011476820979441556,0.13884087917427873,0.2529011529194058,0.1501429483566504,0.8150281362159347,0.23014542286676154,-0.2360401530612117,0.25626675142148914,1.0,0.3484113659785738,-0.25353072386417524,0.3898000112079829,0.17202276403458924,-0.13898994916936006,-0.36912216026148703,-0.22542970327478773,0.27693286482378765,-0.5082765064671614,-0.5158987212374301,-0.32930740211556125,-0.5086766882544559,-0.5255589217751889,-0.2791414057520473,-0.27900696752202003,-0.2606533703496276,-0.27981236969808654,-0.26889516611081926,-0.0890037116914139,-0.43721765968427384,-0.011004673955936453,0.15675873353716482,0.33479370290438,0.9198301760713193,0.19593327492472634,0.25174797849063846,0.20484036452646007,0.2048357351455868,-0.03783255407558265,-0.0890037116914139,-0.36057785446339324,-0.42325267794977073,-0.2706147195377815,0.36158504329649677,0.27473146593391695,0.2301528063488767,0.34841170926237025,-0.4844733398307529,0.13884087917427873,-0.011476820979441556,0.2529011529194058,-0.6878421756111007,-0.4514473545263713,-0.25383938739987116,0.14164341557093857,-0.13989810124336666,-0.06531525000951945,-0.1399428149769964,-0.13986580142407426,-0.14674834494599545,-0.0744594196452509,-0.1469129752333186,-0.14625949014473535,-0.9268501931822529,0.9444977718354151,-0.041195703580091,0.18150527873043074,-0.1342028609982928,-0.11325436308795778
Bwd Packet Length Mean,0.22827771833389432,0.44105014447223834,0.7790489835397215,0.8211687568147016,0.983220905859095,0.8170827737339427,0.20062074036456698,0.7748133409548403,0.6611856094073407,0.9818084497687112,0.3484113659785738,1.0,0.7797710248408996,0.6890115771613917,0.021761983474632804,-0.07018779996005435,0.3409405969723234,0.1765503895022887,-0.5340627997539882,0.05189446254309927,-0.09588507819239155,0.3933465477391868,0.012209922171501764,-0.2908474907521731,0.6439985760564143,0.6101325817625599,0.6889331551638315,0.6391596291134756,0.5317352934950185,-0.12510487210001567,0.4573223229004852,0.7620582537420427,-0.03604406029030806,0.3861479595583706,0.2848789161343838,0.9119259615910168,0.9206816415753152,0.9179015860317439,0.9178994300870584,-0.08777801808685678,-0.12510487210001567,0.5342875401082596,-0.7290737429093023,-0.47688560613765596,0.39251042832989014,0.9200338481844088,0.7748016952822071,0.9999999988319901,0.44105014447223834,0.8211687568147016,0.7790489835397215,0.983220905859095,0.20638744200282094,0.13452904605344596,0.6707888713120033,0.12864213891719534,0.2971972916531344,0.07148916917759987,0.2964419921442656,0.29916962490442695,0.26624639124727734,0.037173202879136696,0.2660463254220806,0.26710725078449293,-0.2939860999136498,0.3113621680032869,-0.0744183529058004,0.3240633041418744,-0.239770300329081,-0.20199048211594772
Bwd Packet Length Std,0.40336562962152406,0.7649159588065918,0.8189974520716773,0.7769287837649995,0.8404051934173923,0.7724049340054489,-0.2749991957568461,0.6987177701248658,0.8745954553300301,0.8429712317262618,-0.25353072386417524,0.7797710248408996,1.0,0.4571613724474465,-0.10017137740094433,0.027307282942281956,0.6136486124693267,0.3244056802653839,-0.7312373374200017,0.3859625526155698,0.2505067925976539,0.6412930266770379,0.3501913697341744,0.05503603755645549,0.8678244916500905,0.846927507268074,0.9047835674198572,0.865095841372066,0.7834589289956259,-0.06487655748748622,0.7516168761659295,0.8005471012253293,-0.14826880172984694,0.18222088969334596,-0.2651291949653819,0.8140621524156474,0.7774562487984955,0.8130030793062937,0.8130032869308956,-0.06251398639037704,-0.06487655748748622,0.7532638223524348,-0.4890678704883774,-0.3251811084923997,0.14508246746171072,0.7589615257616258,0.698705552717004,0.7797709109013032,0.7649159588065918,0.7769287837649995,0.8189974520716773,0.8404051934173923,0.6130000336483904,0.4061360036843881,0.8796010630165555,0.02923562989957816,0.40165434193205524,0.11971602059774926,0.40090820466783117,0.40330856156279205,0.3743991849867925,0.08905832855940893,0.37421663600845056,0.37526083194593857,0.24899689858098537,-0.24154122062418454,-0.05246276975744776,0.21453612190879187,-0.15561050115544772,-0.13789572221356405
Flow Bytes/s,-0.23700293944947892,0.15936036132897927,0.5335115099426632,0.7759671951190104,0.6719232695971985,0.7803975555592525,0.48128499166880023,0.7724631582003949,0.5037209738735271,0.6669357698497244,0.3898000112079829,0.6890115771613917,0.4571613724474465,1.0,0.4354265144122186,-0.47081962377214215,0.0471679216453158,-0.29429881891460324,-0.5113050166692557,-0.23424941451231227,-0.3421277707535444,0.12451310580116214,-0.26453241388501536,-0.4203883054936172,0.33019468562775317,0.30674768145326414,0.3632617454437418,0.32587301468153895,0.31974920418555414,0.2971193403905154,0.19618637519238186,0.5246486851974956,0.3918531479004149,0.5830280650836537,0.38070290839738913,0.7768521241777966,0.8017026382004979,0.7917406374968037,0.791760900711267,-0.09856578470671432,0.2971193403905154,0.2536922979786779,-0.5215304424187638,-0.48755068872457286,0.38401490484807743,0.8072294632530109,0.7724682243711455,0.6890116847509232,0.15936036132897927,0.7759671951190104,0.5335115099426632,0.6719232695971985,-0.059571189817337944,0.017944674144049422,0.4556901037624406,0.1867022986142123,0.01313352235306035,-0.032128830178681705,0.012661735855292448,0.013833515907622933,-0.007268547553972773,-0.054592372709906696,-0.00735378255100106,-0.006508250863781801,-0.3645179666971955,0.38449313136259705,-0.0840962704377057,0.18423314720936554,-0.13481540276445503,-0.11683417221118621
Flow Packets/s,-0.9260961664811946,-0.3195352909647035,0.01608144709177604,0.05412196020690408,-0.008216779640578972,0.06322451318670728,0.2621362521555841,0.06871700456383749,-0.06983739848308293,-0.012525621288367254,0.17202276403458924,0.021761983474632804,-0.10017137740094433,0.4354265144122186,1.0,-0.9954437114190632,-0.4710276569791542,-0.9530194005058411,-0.31704055905444894,-0.7027315937357463,-0.7310526068703009,-0.40933692389572507,-0.7111584569200176,-0.5512322245523157,-0.21876947969557708,-0.2332891396905263,-0.1984214100545304,-0.22301536406242894,-0.14981020686813515,0.19186660009345757,-0.26524759900419875,0.017606208593108786,0.9938102692416579,0.6115482142273339,0.159878201968841,0.03896225893555885,0.06587119346691907,0.07095002578949605,0.0709683468068758,0.1291130015644364,0.19186660009345757,-0.2328115328719318,0.06841017793926793,-0.009235687824712421,0.2729927266837755,0.07425438109936301,0.06873448436766798,0.021762087960194958,-0.3195352909647035,0.05412196020690408,0.01608144709177604,-0.008216779640578972,-0.3154286984156261,0.022168997751191338,-0.12264243843597136,0.18471832464257185,-0.34380988161299614,-0.1761285553663642,-0.34407156405084227,-0.34374514041331433,-0.37520165549748663,-0.20714791559877616,-0.37523092036260824,-0.37412175008644966,-0.14864265430259535,0.17305446976132857,-0.1190207988889434,-0.27046605878297586,0.1736984662057325,0.20390099384740493
Flow IAT Mean,0.8934401886304987,0.24733587578354285,-0.08289254441317612,-0.11468333622844269,-0.04724031499547157,-0.12282487696569463,-0.23154873228272302,-0.1209428852275812,-0.0034207571784687658,-0.04185262565118585,-0.13898994916936006,-0.07018779996005435,0.027307282942281956,-0.47081962377214215,-0.9954437114190632,1.0,0.40375821812843377,0.928008070174768,0.3901243175557683,0.662168192503949,0.7028369312195734,0.34240269837785964,0.6738842409585385,0.5403814210569923,0.14548497681908817,0.16134760952533567,0.1259165882437831,0.15000942047063623,0.08032546122420456,-0.19803024358208535,0.19705964931858028,-0.08352070281733853,-0.9850237747738423,-0.6251990180041961,-0.1253813049065684,-0.09681838943510285,-0.12155102491319753,-0.12945827261462187,-0.12947750086280557,-0.12891447820492474,-0.19803024358208535,0.1700224483948941,-0.03564290882108195,0.039021804099203417,-0.2766301799138228,-0.12810184671408226,-0.1209589322543218,-0.07018789105626964,0.24733587578354285,-0.11468333622844269,-0.08289254441317612,-0.04724031499547157,0.26224450951276995,-0.06856360157201873,0.04903128156243191,-0.1822467714405338,0.3101159558497814,0.16203185255182595,0.3103894123007561,0.31005036868745395,0.34273221343488425,0.1926619875748232,0.34275052537765355,0.3416348690530149,0.11704022195149238,-0.14033558157874032,0.11493502583570145,0.2655435132546121,-0.1696930296395493,-0.20131848485676168
Flow IAT Std,0.671360640299649,0.7589527470313702,0.5779091632294463,0.43237898487176235,0.4157135549682014,0.4253389961678221,-0.39193315624726005,0.36100694767185554,0.6086823991899984,0.4098278456738039,-0.36912216026148703,0.3409405969723234,0.6136486124693267,0.0471679216453158,-0.4710276569791542,0.40375821812843377,1.0,0.6253645970458535,-0.5759726284468687,0.6281523281873912,0.5381270334737401,0.8922761652303295,0.6101695326558327,0.2935582155991934,0.7323942123450301,0.7355890474031577,0.6764840290036148,0.7345781717553433,0.6822146529013228,-0.03131890085538336,0.7023486397689265,0.583110795087411,-0.5082317068034212,-0.1407247866979897,-0.38233273104451465,0.4218195167102434,0.38404996355412385,0.4135086639485871,0.4134943436864563,-0.05689960655481666,-0.03131890085538336,0.667670514088275,-0.3294990222618874,-0.2628506218009926,-0.07386856705800525,0.363799950713801,0.3609880530533729,0.3409404282271034,0.7589527470313702,0.43237898487176235,0.5779091632294463,0.4157135549682014,0.5999537009755344,0.4801806388734184,0.6285323465935927,-0.07554381500654694,0.500790835610278,0.23375571704965464,0.5008931780225415,0.5008641603333297,0.5138331146577775,0.25510608482003116,0.51395300045395,0.512811815312173,0.3445360940576608,-0.36996454463267364,0.11359491758667722,0.13348542704583422,-0.08716159521852566,-0.09871480540600648
Flow IAT Max,0.9890144220864245,0.5181915668154871,0.21873798044192455,0.15637250081849546,0.22402213949318076,0.13803002265866673,-0.3157497662614386,0.09476032793634845,0.2803050089996463,0.2164297558813621,-0.22542970327478773,0.1765503895022887,0.3244056802653839,-0.29429881891460324,-0.9530194005058411,0.928008070174768,0.6253645970458535,1.0,0.07148879505550816,0.7679805952165608,0.7375277834105509,0.5668611082348736,0.7644660025018487,0.49545021010954804,0.44105976207930564,0.435858018939176,0.42309229822098676,0.44348062883173445,0.3224535475487426,-0.1803429104265558,0.4614342488803043,0.21227656813930884,-0.9647360078819299,-0.5234615194596821,-0.22046473793768043,0.16778492052998467,0.14248311230959013,0.1441664077406684,0.14414991077659361,-0.13033001947737466,-0.1803429104265558,0.4031940337460659,-0.18314519754059982,-0.08125191087885131,-0.19573937747123568,0.13007171200793555,0.0947388516507043,0.1765502206247726,0.5181915668154871,0.15637250081849546,0.21873798044192455,0.22402213949318076,0.4419369438808926,0.1032313976907441,0.3539124143075398,-0.16086274595490171,0.46979518085298305,0.22067178460211775,0.46986801431809155,0.4695810025533634,0.4912117403318393,0.2396360527055271,0.49140917324207606,0.4899133518373404,0.20323659216678377,-0.22563600337074388,0.10555065694236637,0.28438977786343017,-0.18544331223266905,-0.21065062274734755
Flow IAT Min,-0.003830964033919951,-0.6164499321397033,-0.7238736673997082,-0.6434309789451156,-0.5930425210809771,-0.637192754777325,0.20879783557008735,-0.5560246997461503,-0.708178642121195,-0.583086934270109,0.27693286482378765,-0.5340627997539882,-0.7312373374200017,-0.5113050166692557,-0.31704055905444894,0.3901243175557683,-0.5759726284468687,0.07148879505550816,1.0,-0.13436290556073546,0.018176181232753847,-0.5593702641320384,-0.09782657735062761,0.19127427978470507,-0.7024198683635663,-0.6755205639594235,-0.7011326193811199,-0.6985272820996359,-0.6165119405197167,-0.1412211526601827,-0.6054275421423974,-0.7216918338033402,-0.2621159127051172,-0.3461455471430148,0.29594781415924415,-0.6370430919153863,-0.6140741867344338,-0.6578932510724634,-0.6579048966514105,-0.05106559220383866,-0.1412211526601827,-0.5889386359548967,0.3397654025748146,0.34055633251631257,-0.1962441866007462,-0.5989805624006774,-0.556026276107403,-0.5340627138880057,-0.6164499321397033,-0.6434309789451156,-0.7238736673997082,-0.5930425210809771,-0.4506255459433078,-0.5008285470547317,-0.6967627601560353,-0.06478209877137807,-0.3264857281063993,-0.12291611232729398,-0.3261852835233507,-0.3271087514823896,-0.30420734943838623,-0.0721867043162774,-0.3040119958372784,-0.3050362940231358,-0.2711480681599507,0.27083269235482405,0.016482763350761803,0.021443442643921843,0.00041469751839953457,-0.03513268510990501
Fwd IAT Total,0.809756667182229,0.7700134330347089,0.10190873616265057,0.1626175284866694,0.12776970819041597,0.13745261588170543,-0.5305091040792644,0.06586910487890725,0.4039880678066874,0.11236573696740543,-0.5082765064671614,0.05189446254309927,0.3859625526155698,-0.23424941451231227,-0.7027315937357463,0.662168192503949,0.6281523281873912,0.7679805952165608,-0.13436290556073546,1.0,0.9718710139568657,0.6952125531138111,0.9953573804589929,0.78232789014718,0.40652989051007843,0.392774104313097,0.41687252075216175,0.4023230597216953,0.3333077508646561,-0.042564393794087746,0.7043913853360767,0.1178838528626961,-0.6852531486377446,-0.584921351036221,-0.48504663290138317,0.11095801186207933,0.08657192482908994,0.09538819501772486,0.09538665111502478,-0.04801042916936766,-0.042564393794087746,0.44541924306333275,-0.018673520688207157,-0.11708805889565244,-0.5515783068764425,0.06788488224706131,0.06584970570446633,0.051894209166778164,0.7700134330347089,0.1626175284866694,0.10190873616265057,0.12776970819041597,0.6086717192004018,0.09105750503821398,0.46430151967933697,-0.15743760719849728,0.4145460628926811,0.25253386490266794,0.41521038779350294,0.4125607465590979,0.43257530410867745,0.27713844300828017,0.43333761890664757,0.4309864922362293,0.4698180943718579,-0.4993875118709812,0.1283076214318499,0.23263680788652955,-0.1442857154490913,-0.18222485033038804
Fwd IAT Mean,0.7651331578549944,0.6588432893775241,-0.061859975863083956,0.014130611771788862,-0.028705575300580183,-0.0008535039370966795,-0.5373424820498887,-0.04873342729143145,0.2848173601345958,-0.0344850082076683,-0.5158987212374301,-0.09588507819239155,0.2505067925976539,-0.3421277707535444,-0.7310526068703009,0.7028369312195734,0.5381270334737401,0.7375277834105509,0.018176181232753847,0.9718710139568657,1.0,0.5836084432939243,0.9829614140696623,0.8792575255316384,0.2766900407623397,0.27981239300631183,0.2808505588338747,0.2763269530437972,0.24351659749501553,-0.044963722885765584,0.6006106376897814,-0.04229186938061648,-0.6986640974777951,-0.666327197370957,-0.4917573755213611,-0.035424832936322675,-0.061990521844828735,-0.053689551327188716,-0.05369167466322543,-0.04564891058083475,-0.044963722885765584,0.35230196202774267,0.08053856591340354,-0.0396204718205598,-0.6224547007697043,-0.07879071589795085,-0.048750838303556,-0.09588525652526077,0.6588432893775241,0.014130611771788862,-0.061859975863083956,-0.028705575300580183,0.5609650137098949,0.01568138804972962,0.31484168708010524,-0.18297985221056157,0.3075511353813012,0.19230070174223607,0.30809794613655683,0.30641559563728815,0.332557811067952,0.2189072465761716,0.3330097406835815,0.3313153653416533,0.48399712927187666,-0.5118310438839326,0.11849172403383856,0.21906193954629732,-0.13393927070542816,-0.17416809738824401
Fwd IAT Std,0.6270480514694898,0.8228644545082852,0.5298666942936195,0.5003677557725559,0.4694868028122565,0.490383758898683,-0.35955478778937405,0.4251670218119383,0.6589289782689305,0.460407029423649,-0.32930740211556125,0.3933465477391868,0.6412930266770379,0.12451310580116214,-0.40933692389572507,0.34240269837785964,0.8922761652303295,0.5668611082348736,-0.5593702641320384,0.6952125531138111,0.5836084432939243,1.0,0.6739254530708421,0.2900472353389267,0.6381678213637368,0.6277195677533892,0.6701208717106449,0.6361603693556951,0.5798372814686129,-0.0555724485271625,0.7564896436385261,0.5366229004119235,-0.4321444750145839,-0.14077828721807167,-0.3314291775161059,0.4749797752029268,0.4413447613572273,0.4658423536758134,0.46584289371873605,-0.06168412485704639,-0.0555724485271625,0.6704025199339053,-0.37611676268288097,-0.3318708544812551,-0.17906167246470212,0.4209657417627976,0.4251485724922887,0.39334636237963516,0.8228644545082852,0.5003677557725559,0.5298666942936195,0.4694868028122565,0.5947132831566652,0.385750873712987,0.6906993988146054,-0.06273538000145099,0.4756343334858726,0.2589297951843078,0.4760768918823878,0.47449713242678215,0.4807809947033363,0.2815402139743453,0.48143808880749406,0.4795707534593816,0.29119967932062724,-0.31776200293368506,0.12242014849518432,0.22070901799845313,-0.1478170707158734,-0.15826950009407115
Fwd IAT Max,0.7985550560532712,0.7389115874802381,0.060186456513025476,0.12474820732597133,0.0863321717257653,0.10367531062373095,-0.5323399572725879,0.03758059292778388,0.3765561334013542,0.07309355807875705,-0.5086766882544559,0.012209922171501764,0.3501913697341744,-0.26453241388501536,-0.7111584569200176,0.6738842409585385,0.6101695326558327,0.7644660025018487,-0.09782657735062761,0.9953573804589929,0.9829614140696623,0.6739254530708421,1.0,0.8045988110676869,0.37407083560579985,0.3652725423747569,0.382458225285693,0.37205545542549656,0.3124405592348416,-0.04227388864763393,0.6775565658451551,0.0770590078887083,-0.689975659244262,-0.6085474954853433,-0.4868320024126028,0.07255618096690802,0.04819151653858,0.05850310625750924,0.05850142568056022,-0.04746616770575899,-0.04227388864763393,0.4202877303790087,0.008630849982466784,-0.09572399754648257,-0.5686569414927595,0.02998125371912283,0.03756154646776442,0.012209709087178479,0.7389115874802381,0.12474820732597133,0.060186456513025476,0.0863321717257653,0.5955133352102222,0.07265525110972779,0.42433266073467807,-0.16223141130661664,0.39201841232285856,0.23513424609527953,0.3925814656456876,0.3903930250240521,0.4116302243664223,0.25696467880445495,0.41233293164629864,0.4100638039532777,0.47418596281710235,-0.5017742903508841,0.11774948089333404,0.2285710250422814,-0.14126155650201805,-0.17971193422430146
Fwd IAT Min,0.5168788797597608,0.487557025834675,-0.29490050882006985,-0.1893257352481179,-0.24008564311430358,-0.19409198293808536,-0.5447591135267219,-0.2224843935462904,0.11119621399962795,-0.2376279457016226,-0.5255589217751889,-0.2908474907521731,0.05503603755645549,-0.4203883054936172,-0.5512322245523157,0.5403814210569923,0.2935582155991934,0.49545021010954804,0.19127427978470507,0.78232789014718,0.8792575255316384,0.2900472353389267,0.8045988110676869,1.0,0.082131135155872,0.10089727081541859,0.06983064413776768,0.08461001870646334,0.10961106092483794,-0.025304503850243572,0.4542725613069908,-0.27173204359720254,-0.49687379016185523,-0.7155535141199956,-0.501336468480992,-0.23782364578689247,-0.2589176454770579,-0.2555413767612408,-0.2555475007673677,0.005685095052193315,-0.025304503850243572,0.20904702753494547,0.22815545373779397,0.047265164601285055,-0.6982431307578942,-0.27188511814605665,-0.2224955604384413,-0.2908476374145106,0.487557025834675,-0.1893257352481179,-0.29490050882006985,-0.24008564311430358,0.47970462441840445,-0.1091371491721753,0.09958471968208359,-0.19566993932502744,0.06452123182131661,0.04329930671880423,0.06468385513703583,0.0644480901796509,0.08364172269479386,0.08150273538617496,0.08372366649725181,0.0832128494538892,0.5121634658505433,-0.5286014640530848,0.05759121222119396,0.15563338197318485,-0.08715175477670516,-0.13444224675954236
Bwd IAT Total,0.5082821184361185,0.7344948750548067,0.8583195873487053,0.7113724239863216,0.727440475977037,0.7017608406044316,-0.2978667613357395,0.623316632187649,0.8151445519108645,0.714168545096602,-0.2791414057520473,0.6439985760564143,0.8678244916500905,0.33019468562775317,-0.21876947969557708,0.14548497681908817,0.7323942123450301,0.44105976207930564,-0.7024198683635663,0.40652989051007843,0.2766900407623397,0.6381678213637368,0.37407083560579985,0.082131135155872,1.0,0.993145698028334,0.9327182712897448,0.9989235755632042,0.9277668203301729,0.005562016501804303,0.7240438420280954,0.8389772858705628,-0.27954510693472506,0.11830503972582834,-0.3040583751131842,0.7091780592975252,0.6738341669470868,0.7099397515653098,0.7099383529055783,-0.06386190546888425,0.005562016501804303,0.7315769563250104,-0.4348475914295643,-0.2952182520160375,0.22487089856279024,0.6530738273459715,0.6233066013679923,0.6439983648347531,0.7344948750548067,0.7113724239863216,0.8583195873487053,0.727440475977037,0.6062648670373597,0.4939938887673455,0.8303521472084796,-0.014989286272885127,0.48515052137434533,0.22486816687929378,0.48510440069634087,0.4844532678347995,0.45747433039593344,0.1852081875474372,0.4581402047840227,0.4568889893152915,0.2894329796094046,-0.28142601160033925,-0.05754740695823713,0.11258207151126969,-0.07514305169074269,-0.0810762222752911
Bwd IAT Mean,0.49962973439890773,0.7050340704425262,0.8359899279658192,0.6843624194713548,0.6929436064664762,0.681132094344732,-0.29768175971088795,0.6152031013158868,0.8021078225410953,0.6864289456433564,-0.27900696752202003,0.6101325817625599,0.846927507268074,0.30674768145326414,-0.2332891396905263,0.16134760952533567,0.7355890474031577,0.435858018939176,-0.6755205639594235,0.392774104313097,0.27981239300631183,0.6277195677533892,0.3652725423747569,0.10089727081541859,0.993145698028334,1.0,0.9160437806382907,0.994978859731019,0.9488797745904612,0.007040638763969149,0.6960538259987682,0.8171343939015542,-0.29235396557012944,0.10537357652558059,-0.30524276150418334,0.68375479091964,0.6429740694656221,0.6817996087396141,0.6817982727086992,-0.06342012502022716,0.007040638763969149,0.7281136838444596,-0.4304579802464078,-0.2897043101750784,0.21031150303775317,0.6217638212674992,0.6151939978615465,0.6101324115536426,0.7050340704425262,0.6843624194713548,0.8359899279658192,0.6929436064664762,0.6029296735624391,0.49485319618168594,0.7991616262564328,-0.026306756866205337,0.4631476678235375,0.20724891071922444,0.46303948824084545,0.46295230170675605,0.4371535303290881,0.16930896870352857,0.4376101029099809,0.43689587636000843,0.290907905962662,-0.2829164354583572,-0.057547406957905715,0.10461737081610456,-0.0689387168754775,-0.0765280592029931
Bwd IAT Std,0.49076164706827197,0.7576783937374594,0.8262974409794441,0.7603542224112442,0.7736048275396715,0.7551723654466499,-0.2866592028600113,0.6791539873812033,0.8616718961839327,0.7648253121976762,-0.2606533703496276,0.6889331551638315,0.9047835674198572,0.3632617454437418,-0.1984214100545304,0.1259165882437831,0.6764840290036148,0.42309229822098676,-0.7011326193811199,0.41687252075216175,0.2808505588338747,0.6701208717106449,0.382458225285693,0.06983064413776768,0.9327182712897448,0.9160437806382907,1.0,0.9312453829218351,0.828246800394749,-0.026444093008842456,0.7425404537131146,0.8069529782037436,-0.2530231405966161,0.1097138823799294,-0.2778217446055698,0.7628624747984026,0.7226598419377446,0.7587771444697712,0.7587773081753881,-0.06334008644696852,-0.026444093008842456,0.7245341888197855,-0.44989112782465157,-0.30874477527685823,0.17573392601757448,0.7014150099832188,0.6791429960334896,0.6889329803798743,0.7576783937374594,0.7603542224112442,0.8262974409794441,0.7736048275396715,0.5930291922950421,0.43980163321654336,0.8678230152143512,-0.0018744099234397427,0.4852737910790966,0.2177532102117559,0.4851417241076994,0.4849076221600574,0.4579683885017012,0.18014203173566043,0.4585794460068064,0.45745394214716595,0.26342109794370727,-0.2559632681694668,-0.053263420017402086,0.13935549107717063,-0.09629332920692125,-0.09597137880136743
Bwd IAT Max,0.507645417794897,0.7277136165103416,0.8534816991635196,0.7064253171823005,0.7217861507339871,0.6988430720814395,-0.29836480105497537,0.6221965895305859,0.8136442020926395,0.7102278482429223,-0.27981236969808654,0.6391596291134756,0.865095841372066,0.32587301468153895,-0.22301536406242894,0.15000942047063623,0.7345781717553433,0.44348062883173445,-0.6985272820996359,0.4023230597216953,0.2763269530437972,0.6361603693556951,0.37205545542549656,0.08461001870646334,0.9989235755632042,0.994978859731019,0.9312453829218351,1.0,0.930773697776641,0.003158111044889231,0.7174624833779369,0.8340572213045254,-0.2837750402000756,0.11465522326060344,-0.304737106963302,0.7059728302613941,0.670005951875747,0.7069168672801478,0.7069154865364504,-0.06418916897124606,0.003158111044889231,0.7330819299655504,-0.4355115824638098,-0.2941896649408734,0.22529963807181774,0.6491890896862235,0.6221866420848305,0.6391594448099915,0.7277136165103416,0.7064253171823005,0.8534816991635196,0.7217861507339871,0.6071847682126368,0.4932529588846781,0.8231800921504324,-0.019302137064719962,0.4817330154896566,0.21135491940634948,0.48155623527339625,0.481478714888359,0.45476730513262176,0.1729958600703192,0.4553257043044527,0.45431433998990267,0.29025415602470234,-0.2822558163686364,-0.057547406958692975,0.11264455879445623,-0.0756545482581248,-0.08049311612106576
Bwd IAT Min,0.39317788577376195,0.6350087855122399,0.7911916762042526,0.6295431404726193,0.6152768508683454,0.6352029849740665,-0.2774943968695439,0.5804673761086377,0.7599582301468666,0.6114361500045142,-0.26889516611081926,0.5317352934950185,0.7834589289956259,0.31974920418555414,-0.14981020686813515,0.08032546122420456,0.6822146529013228,0.3224535475487426,-0.6165119405197167,0.3333077508646561,0.24351659749501553,0.5798372814686129,0.3124405592348416,0.10961106092483794,0.9277668203301729,0.9488797745904612,0.828246800394749,0.930773697776641,1.0,0.026688467329820862,0.6306326099049016,0.7761381134030005,-0.2035614505055827,0.17180459995575273,-0.2988518411179794,0.6190404411792373,0.577192999881771,0.6210257556081289,0.6210237715001549,-0.058324748404194354,0.026688467329820862,0.6817145765122528,-0.39408867225130956,-0.2606156947175269,0.18318625330445223,0.554162215769444,0.580459719082633,0.5317352106756341,0.6350087855122399,0.6295431404726193,0.7911916762042526,0.6152768508683454,0.561970483312264,0.4970093015229522,0.7394546209521861,-0.017204553760905107,0.33245469397176314,0.1514787254949651,0.3323868515424212,0.3320889147099754,0.3099144840600667,0.11839540907525321,0.31014513597819293,0.31013325231372596,0.28343893257080494,-0.27537917221005836,-0.05749433487106223,0.06332091470271035,-0.03918598293470345,-0.04971549270872665
Fwd PSH Flags,-0.1739792513077298,-0.04317753250405764,-0.019364154388205917,0.16898803269495732,-0.10978041243647714,0.15571679081669723,0.1480393435100046,0.15198120457560982,0.08782278205405836,-0.12559311393522718,-0.0890037116914139,-0.12510487210001567,-0.06487655748748622,0.2971193403905154,0.19186660009345757,-0.19803024358208535,-0.03131890085538336,-0.1803429104265558,-0.1412211526601827,-0.042564393794087746,-0.044963722885765584,-0.0555724485271625,-0.04227388864763393,-0.025304503850243572,0.005562016501804303,0.007040638763969149,-0.026444093008842456,0.003158111044889231,0.026688467329820862,1.0,-0.021150528457444025,-0.01527416390945704,0.18763702197967547,0.06777123264306978,-0.0975423711942227,0.05486906304113929,0.0741761005787374,0.06555153647193537,0.06555919169859284,-0.03165603871181544,1.0,-0.20548258886317633,0.3302216697118905,-0.09792954451784396,-0.004078614524524843,0.07745243892711952,0.15199233855758434,-0.12510506331032198,-0.04317753250405764,0.16898803269495732,-0.019364154388205917,-0.10978041243647714,-0.0844551960182776,0.09702846326724553,0.007834798039588397,0.10365678214985723,0.0524752732336554,0.14573680472259556,0.053255394853782966,0.047825573444600145,0.049085190180513986,0.13635768042218602,0.05116973046781549,0.0459052860497637,0.15709530476026873,-0.1542389188243395,-0.023476205532019182,-0.1376157964425815,0.11818149106486732,0.06390167951988067
Fwd Header Length,0.5396728584748943,0.9436830446782947,0.5350759457597208,0.566645166294473,0.5424532342969791,0.5415573238089906,-0.4778494279242517,0.43352382481297386,0.7605305407671293,0.521851302872406,-0.43721765968427384,0.4573223229004852,0.7516168761659295,0.19618637519238186,-0.26524759900419875,0.19705964931858028,0.7023486397689265,0.4614342488803043,-0.6054275421423974,0.7043913853360767,0.6006106376897814,0.7564896436385261,0.6775565658451551,0.4542725613069908,0.7240438420280954,0.6960538259987682,0.7425404537131146,0.7174624833779369,0.6306326099049016,-0.021150528457444025,1.0,0.5555026481286526,-0.2757464741942569,-0.20673303052514436,-0.4323283386750786,0.533300838901404,0.50812459387103,0.5290621471905955,0.5290549652875777,-0.04235605159364657,-0.021150528457444025,0.7169608968466811,-0.29393061230630974,-0.3127231339032147,-0.2855934010602572,0.48545186266227003,0.4335099955655633,0.45732203438493263,0.9436830446782947,0.566645166294473,0.5350759457597208,0.5424532342969791,0.7218495897341027,0.2906795869721292,0.807063592739025,0.18079628299644454,0.39669586362668446,0.14324815966819188,0.3963371292056696,0.3961347118421435,0.3726569233047817,0.136169595667155,0.3733570606335966,0.3723834449018158,0.4475146010293482,-0.4259557598984427,-0.13678816143027672,0.20144662733992483,-0.12497596229724846,-0.15774675183296394
Bwd Header Length,0.2777198732798192,0.5221647337402634,0.9794516568221818,0.7542393580296319,0.8134333406632458,0.7459431526684955,-0.0384460195718605,0.6815315845266395,0.7158269233268743,0.7963345597665465,-0.011004673955936453,0.7620582537420427,0.8005471012253293,0.5246486851974956,0.017606208593108786,-0.08352070281733853,0.583110795087411,0.21227656813930884,-0.7216918338033402,0.1178838528626961,-0.04229186938061648,0.5366229004119235,0.0770590078887083,-0.27173204359720254,0.8389772858705628,0.8171343939015542,0.8069529782037436,0.8340572213045254,0.7761381134030005,-0.01527416390945704,0.5555026481286526,1.0,-0.05837145929044787,0.5205967229308344,-0.05523824577599491,0.7744559104201976,0.757316922326153,0.7871044814927586,0.7870945775429312,-0.09510421654508372,-0.01527416390945704,0.6850125179300586,-0.5902621082996916,-0.31719206768980956,0.4576273754035194,0.7431305997974234,0.6815142907122183,0.762058091631383,0.5221647337402634,0.7542393580296319,0.9794516568221818,0.8134333406632458,0.41704168648966455,0.6150425233197828,0.7497405994433157,0.15538520442659587,0.3574622231493928,0.14551681897514845,0.35717660868597473,0.35709106756831244,0.32082289768461547,0.09593195036489281,0.3212069489981058,0.3210205508830823,0.04095506295692865,-0.02203892917501172,-0.10077169128954629,0.10507723190621016,-0.0838929473600927,-0.05727585269251098
Fwd Packets/s,-0.9401728627565932,-0.32946725594942566,-0.062051085202520666,0.002121552057336632,-0.06728335460977021,0.010923742166083281,0.2467571150601569,0.019722389747466273,-0.10998310789286343,-0.07030622769331223,0.15675873353716482,-0.03604406029030806,-0.14826880172984694,0.3918531479004149,0.9938102692416579,-0.9850237747738423,-0.5082317068034212,-0.9647360078819299,-0.2621159127051172,-0.6852531486377446,-0.6986640974777951,-0.4321444750145839,-0.689975659244262,-0.49687379016185523,-0.27954510693472506,-0.29235396557012944,-0.2530231405966161,-0.2837750402000756,-0.2035614505055827,0.18763702197967547,-0.2757464741942569,-0.05837145929044787,1.0,0.5584132903989316,0.14773658479831564,-0.01836256516420131,0.00861648288086679,0.011702609472477128,0.011721006430150045,0.1306224967935149,0.18763702197967547,-0.27003572864948494,0.1147513920432656,0.01712102855527439,0.19557977476310204,0.017232547982083273,0.019741775713135148,-0.03604395988584618,-0.32946725594942566,0.002121552057336632,-0.062051085202520666,-0.06728335460977021,-0.3265596858598219,-0.026748139085492225,-0.16222168292249445,0.18074936070185812,-0.3712846005704199,-0.187419427158518,-0.3715174452550838,-0.3713110096461155,-0.40134666337360236,-0.2148202085422138,-0.4013817217412786,-0.4002161262311329,-0.13470145169104972,0.15817442715867017,-0.11489358400523357,-0.26496461943129507,0.17147531192640256,0.1980020956854065
Bwd Packets/s,-0.48736145178281415,-0.25489972930312244,0.5288221615084394,0.3412709162424331,0.3623386881961838,0.35234207412954566,0.40194272946039933,0.3671509352284112,0.11923640537324147,0.3579490188889915,0.33479370290438,0.3861479595583706,0.18222088969334596,0.5830280650836537,0.6115482142273339,-0.6251990180041961,-0.1407247866979897,-0.5234615194596821,-0.3461455471430148,-0.584921351036221,-0.666327197370957,-0.14077828721807167,-0.6085474954853433,-0.7155535141199956,0.11830503972582834,0.10537357652558059,0.1097138823799294,0.11465522326060344,0.17180459995575273,0.06777123264306978,-0.20673303052514436,0.5205967229308344,0.5584132903989316,1.0,0.2955989286818176,0.3632512564829136,0.38086713028524416,0.3871405763182132,0.38714027083508584,-0.07283376916997301,0.06777123264306978,0.05936597669400878,-0.2856895923827354,-0.03730168093994446,0.6621192322452621,0.3854810897384113,0.36714472603416826,0.38614803908388334,-0.25489972930312244,0.3412709162424331,0.5288221615084394,0.3623386881961838,-0.20573018897600223,0.3973370194278013,0.12345501437172222,0.202715456230021,-0.1486953307861367,-0.08810484362236597,-0.1489682892916622,-0.1484496945908981,-0.17429382430246435,-0.11881080929359812,-0.17436806368482785,-0.17346138912057585,-0.2956971008616101,0.31804437065156327,-0.10021866452855346,-0.11735780535194798,0.05831913674927585,0.11127075358375851
Min Packet Length,-0.2576067443898228,-0.4786718312385958,-0.058587980712842644,0.16437475772104052,0.19629129344171228,0.16071491280117378,0.8924991787417595,0.2510281873751563,-0.27193364795591984,0.20097900724022022,0.9198301760713193,0.2848789161343838,-0.2651291949653819,0.38070290839738913,0.159878201968841,-0.1253813049065684,-0.38233273104451465,-0.22046473793768043,0.29594781415924415,-0.48504663290138317,-0.4917573755213611,-0.3314291775161059,-0.4868320024126028,-0.501336468480992,-0.3040583751131842,-0.30524276150418334,-0.2778217446055698,-0.304737106963302,-0.2988518411179794,-0.0975423711942227,-0.4323283386750786,-0.05523824577599491,0.14773658479831564,0.2955989286818176,1.0,0.17960820475443273,0.23859028689798326,0.14520580805196914,0.14520652627644504,-0.055941972258883456,-0.0975423711942227,-0.36312507040171393,-0.43675962949506614,-0.24055672813390613,0.34170162949110006,0.26102732110841964,0.25103589194172526,0.28487922838057944,-0.4786718312385958,0.16437475772104052,-0.058587980712842644,0.19629129344171228,-0.7044558171160847,-0.4987539977323087,-0.2086409916474519,0.14077378677284644,-0.13797135649297487,-0.06641512367423473,-0.1380347328476268,-0.1379623323842967,-0.14667868186254915,-0.057922500906815305,-0.14657026289996422,-0.1467200704634897,-0.9505777515114533,0.9685305132959072,-0.041486720766672536,0.1509870430492798,-0.09700459848724592,-0.11377666364197703
Max Packet Length,0.22927838016783114,0.5239615734895475,0.7982125431682591,0.9480439909066768,0.9317734185482563,0.9485173136076703,0.1773563987081519,0.9119272351643514,0.8000411309540849,0.9387206958738953,0.19593327492472634,0.9119259615910168,0.8140621524156474,0.7768521241777966,0.03896225893555885,-0.09681838943510285,0.4218195167102434,0.16778492052998467,-0.6370430919153863,0.11095801186207933,-0.035424832936322675,0.4749797752029268,0.07255618096690802,-0.23782364578689247,0.7091780592975252,0.68375479091964,0.7628624747984026,0.7059728302613941,0.6190404411792373,0.05486906304113929,0.533300838901404,0.7744559104201976,-0.01836256516420131,0.3632512564829136,0.17960820475443273,1.0,0.9815736831665759,0.9782311805564503,0.9782312732912498,-0.10091581777881298,0.05486906304113929,0.5850628158060278,-0.6668761617449152,-0.5002550159003248,0.3321720355379696,0.9764151368693001,0.9119177333052998,0.9119259008944395,0.5239615734895475,0.9480439909066768,0.7982125431682591,0.9317734185482563,0.2832556511036532,0.19972739226498226,0.7942552837469934,0.08774949873830501,0.32664654666638027,0.08760708344731277,0.32592130393180296,0.3278796588409147,0.3055074370282239,0.06169049214332692,0.3054043101103827,0.30604720135720515,-0.16485376402693933,0.1827382810505108,-0.0841342192342303,0.252237165861641,-0.1791020270574027,-0.16728178222750023
Packet Length Mean,0.20201483063901707,0.4957377943920605,0.7790334552453276,0.9500921617721658,0.9280798759164844,0.9476332260382316,0.23871659141512688,0.9161392914880896,0.7775109382237161,0.9227965735237104,0.25174797849063846,0.9206816415753152,0.7774562487984955,0.8017026382004979,0.06587119346691907,-0.12155102491319753,0.38404996355412385,0.14248311230959013,-0.6140741867344338,0.08657192482908994,-0.061990521844828735,0.4413447613572273,0.04819151653858,-0.2589176454770579,0.6738341669470868,0.6429740694656221,0.7226598419377446,0.670005951875747,0.577192999881771,0.0741761005787374,0.50812459387103,0.757316922326153,0.00861648288086679,0.38086713028524416,0.23859028689798326,0.9815736831665759,1.0,0.976593793505568,0.9765933112643224,-0.10228242530226939,0.0741761005787374,0.5260545277628726,-0.6563596267482094,-0.4965246637486973,0.35972377469160366,0.9986971789960372,0.9161294247968652,0.9206817315227148,0.4957377943920605,0.9500921617721658,0.7790334552453276,0.9280798759164844,0.2214292701589101,0.16493716487676768,0.768727352439039,0.10989938984774908,0.3046888078173277,0.07868646923703641,0.3039436141480954,0.3065741940623805,0.2839146051007885,0.055172940348782604,0.2838253797840556,0.28425779070772156,-0.2193537608765086,0.23780371043741416,-0.08409663422212882,0.24992899850010206,-0.17574802928972022,-0.16804407042805136
Packet Length Std,0.2049857695954241,0.5180199025452008,0.8101228884662944,0.931339110887701,0.9352270841131026,0.9368768057123941,0.16083921059405282,0.8905083272329151,0.810569612089525,0.9308464587162012,0.20484036452646007,0.9179015860317439,0.8130030793062937,0.7917406374968037,0.07095002578949605,-0.12945827261462187,0.4135086639485871,0.1441664077406684,-0.6578932510724634,0.09538819501772486,-0.053689551327188716,0.4658423536758134,0.05850310625750924,-0.2555413767612408,0.7099397515653098,0.6817996087396141,0.7587771444697712,0.7069168672801478,0.6210257556081289,0.06555153647193537,0.5290621471905955,0.7871044814927586,0.011702609472477128,0.3871405763182132,0.14520580805196914,0.9782311805564503,0.976593793505568,1.0,0.999998067913797,-0.0980947919474932,0.06555153647193537,0.566608385929088,-0.6446407659691149,-0.5029733654266766,0.3551765090820557,0.9716884462877488,0.890497556968711,0.9179016206434999,0.5180199025452008,0.931339110887701,0.8101228884662944,0.9352270841131026,0.2720660408713325,0.21097843906105782,0.770181664700218,0.10510470571073566,0.3073702087737486,0.08399693025426745,0.30665293493257384,0.30888594195955693,0.2888489538871659,0.04584122050490338,0.2886156011282277,0.2896225798761289,-0.15828613956890714,0.1758218159268911,-0.08267662935913148,0.2512683984311895,-0.18503094519784202,-0.15779267362256086
Packet Length Variance,0.20496971178511822,0.5180160806452399,0.8101159544903093,0.9313416389888669,0.9352250958749645,0.9368793430892196,0.1608512810615317,0.8905123555188718,0.810564218014585,0.9308444454297965,0.2048357351455868,0.9178994300870584,0.8130032869308956,0.791760900711267,0.0709683468068758,-0.12947750086280557,0.4134943436864563,0.14414991077659361,-0.6579048966514105,0.09538665111502478,-0.05369167466322543,0.46584289371873605,0.05850142568056022,-0.2555475007673677,0.7099383529055783,0.6817982727086992,0.7587773081753881,0.7069154865364504,0.6210237715001549,0.06555919169859284,0.5290549652875777,0.7870945775429312,0.011721006430150045,0.38714027083508584,0.14520652627644504,0.9782312732912498,0.9765933112643224,0.999998067913797,1.0,-0.09812620193027426,0.06555919169859284,0.5666083902806693,-0.64463468967885,-0.5029710009382081,0.35518212742391786,0.9716894910044477,0.8905015840328568,0.9178994646810031,0.5180160806452399,0.9313416389888669,0.8101159544903093,0.9352250958749645,0.2720607643534403,0.21096850433888537,0.7701820053689618,0.10509366736525187,0.30737087108471517,0.08399693305964692,0.3066535946720377,0.30888661111832777,0.2888499585649344,0.04584122231502112,0.28861658748318963,0.28962356972162995,-0.15828686981680865,0.1758225539696336,-0.0826766299940922,0.2512437182118465,-0.18501618767035882,-0.15777260673665774
FIN Flag Count,-0.13052818514692796,-0.009620119842644534,-0.09269281813734889,-0.10999388172695107,-0.0865589848882986,-0.11012361171270554,-0.06151122265466806,-0.11043938934720547,-0.07445097518934259,-0.08821934733901665,-0.03783255407558265,-0.08777801808685678,-0.06251398639037704,-0.09856578470671432,0.1291130015644364,-0.12891447820492474,-0.05689960655481666,-0.13033001947737466,-0.05106559220383866,-0.04801042916936766,-0.04564891058083475,-0.06168412485704639,-0.04746616770575899,0.005685095052193315,-0.06386190546888425,-0.06342012502022716,-0.06334008644696852,-0.06418916897124606,-0.058324748404194354,-0.03165603871181544,-0.04235605159364657,-0.09510421654508372,0.1306224967935149,-0.07283376916997301,-0.055941972258883456,-0.10091581777881298,-0.10228242530226939,-0.0980947919474932,-0.09812620193027426,1.0,-0.03165603871181544,-0.0736061688077147,-0.08865285013393659,-0.05553501032524561,-0.09050260691127078,-0.10226955995471755,-0.1104393965570342,-0.08777804652709742,-0.009620119842644534,-0.10999388172695107,-0.09269281813734889,-0.0865589848882986,-0.10214372705154899,-0.05215200740577746,-0.07250503191169387,-0.13364698574028006,-0.038001101552366766,-0.016809833630092568,-0.03800110155236986,-0.03800110155332517,-0.039165644809190304,-0.01861448120217529,-0.03916564480919064,-0.03916564480919091,0.056273300745608414,-0.055250111255232735,-0.008409440220285622,0.023884640659933436,-0.018112770184039007,-0.014298043601950628
SYN Flag Count,-0.1739792513077298,-0.04317753250405764,-0.019364154388205917,0.16898803269495732,-0.10978041243647714,0.15571679081669723,0.1480393435100046,0.15198120457560982,0.08782278205405836,-0.12559311393522718,-0.0890037116914139,-0.12510487210001567,-0.06487655748748622,0.2971193403905154,0.19186660009345757,-0.19803024358208535,-0.03131890085538336,-0.1803429104265558,-0.1412211526601827,-0.042564393794087746,-0.044963722885765584,-0.0555724485271625,-0.04227388864763393,-0.025304503850243572,0.005562016501804303,0.007040638763969149,-0.026444093008842456,0.003158111044889231,0.026688467329820862,1.0,-0.021150528457444025,-0.01527416390945704,0.18763702197967547,0.06777123264306978,-0.0975423711942227,0.05486906304113929,0.0741761005787374,0.06555153647193537,0.06555919169859284,-0.03165603871181544,1.0,-0.20548258886317633,0.3302216697118905,-0.09792954451784396,-0.004078614524524843,0.07745243892711952,0.15199233855758434,-0.12510506331032198,-0.04317753250405764,0.16898803269495732,-0.019364154388205917,-0.10978041243647714,-0.0844551960182776,0.09702846326724553,0.007834798039588397,0.10365678214985723,0.0524752732336554,0.14573680472259556,0.053255394853782966,0.047825573444600145,0.049085190180513986,0.13635768042218602,0.05116973046781549,0.0459052860497637,0.15709530476026873,-0.1542389188243395,-0.023476205532019182,-0.1376157964425815,0.11818149106486732,0.06390167951988067
PSH Flag Count,0.4695933223693693,0.712355310112142,0.6801099689158923,0.5391410073220537,0.6002931996528122,0.5427344340493097,-0.39927564501312146,0.4728344835929015,0.67284367689317,0.6095080715458167,-0.36057785446339324,0.5342875401082596,0.7532638223524348,0.2536922979786779,-0.2328115328719318,0.1700224483948941,0.667670514088275,0.4031940337460659,-0.5889386359548967,0.44541924306333275,0.35230196202774267,0.6704025199339053,0.4202877303790087,0.20904702753494547,0.7315769563250104,0.7281136838444596,0.7245341888197855,0.7330819299655504,0.6817145765122528,-0.20548258886317633,0.7169608968466811,0.6850125179300586,-0.27003572864948494,0.05936597669400878,-0.36312507040171393,0.5850628158060278,0.5260545277628726,0.566608385929088,0.5666083902806693,-0.0736061688077147,-0.20548258886317633,1.0,-0.62189314945148,-0.3604834388174862,0.012765899706650442,0.5045849602000888,0.47282168499078214,0.5342874322872946,0.712355310112142,0.5391410073220537,0.6801099689158923,0.6002931996528122,0.8152565568683585,0.5175865121511974,0.6731748931632012,-0.02088607235771661,0.2771763377612869,0.02532017548157719,0.27643188881528846,0.2800722288287697,0.2487319532199088,0.03171530346810066,0.2481597718523534,0.2503095520099046,0.3652757575371498,-0.35863412978031,-0.05458653759825753,0.22191463988732968,-0.15225721318863678,-0.15427715091481886
ACK Flag Count,-0.21838553100100824,-0.2921715186553416,-0.5844072229664429,-0.5960865887283079,-0.7191492976414715,-0.6016697914725492,-0.3159177421469019,-0.6062399648866038,-0.406611354089322,-0.7306749602172329,-0.42325267794977073,-0.7290737429093023,-0.4890678704883774,-0.5215304424187638,0.06841017793926793,-0.03564290882108195,-0.3294990222618874,-0.18314519754059982,0.3397654025748146,-0.018673520688207157,0.08053856591340354,-0.37611676268288097,0.008630849982466784,0.22815545373779397,-0.4348475914295643,-0.4304579802464078,-0.44989112782465157,-0.4355115824638098,-0.39408867225130956,0.3302216697118905,-0.29393061230630974,-0.5902621082996916,0.1147513920432656,-0.2856895923827354,-0.43675962949506614,-0.6668761617449152,-0.6563596267482094,-0.6446407659691149,-0.64463468967885,-0.08865285013393659,0.3302216697118905,-0.62189314945148,1.0,0.5793164458768747,-0.2794160105859802,-0.6538918530901161,-0.6062341148213032,-0.7290738524764953,-0.2921715186553416,-0.5960865887283079,-0.5844072229664429,-0.7191492976414715,-0.1361228016644697,-0.05679934982710045,-0.4355996973654702,-0.043142607405578695,-0.16181670429363262,-0.016415980961853347,-0.16145687346985343,-0.16412693403417575,-0.13958019870098842,-0.027621814131709447,-0.1388045857924772,-0.14141746743773304,0.4757268197975323,-0.46707691520943734,-0.07109226221435298,-0.3420575219535989,0.2289931262780748,0.24541577229006623
URG Flag Count,-0.11706059584902935,-0.3145210524498817,-0.30822862657793615,-0.48865217700502345,-0.4766279610827436,-0.49571036962516163,-0.24542983230467338,-0.4908524398520751,-0.3513055079356317,-0.4768482397238229,-0.2706147195377815,-0.47688560613765596,-0.3251811084923997,-0.48755068872457286,-0.009235687824712421,0.039021804099203417,-0.2628506218009926,-0.08125191087885131,0.34055633251631257,-0.11708805889565244,-0.0396204718205598,-0.3318708544812551,-0.09572399754648257,0.047265164601285055,-0.2952182520160375,-0.2897043101750784,-0.30874477527685823,-0.2941896649408734,-0.2606156947175269,-0.09792954451784396,-0.3127231339032147,-0.31719206768980956,0.01712102855527439,-0.03730168093994446,-0.24055672813390613,-0.5002550159003248,-0.4965246637486973,-0.5029733654266766,-0.5029710009382081,-0.05553501032524561,-0.09792954451784396,-0.3604834388174862,0.5793164458768747,1.0,-0.02693716195566005,-0.49541212669760015,-0.4908792678861907,-0.4768856111181908,-0.3145210524498817,-0.48865217700502345,-0.30822862657793615,-0.4766279610827436,-0.1466964936508437,0.10753997804959368,-0.32074566334777116,-0.019628669838689734,-0.14702722850394911,-0.08223424629857913,-0.14715923349182697,-0.14656546751756092,-0.14805779334233357,-0.09091801774279454,-0.14839912660704352,-0.14790946747621125,0.27559637045341484,-0.27058533847026567,-0.041184916675365814,-0.3315703662214492,0.21691084910062164,0.2446588556704497
Down/Up Ratio,-0.20234740758475436,-0.31883077940469934,0.4853917061971843,0.27378719841709065,0.36179402029123797,0.2868026848586533,0.39866859733854076,0.30036264322014605,0.05124954163270153,0.3530216358139331,0.36158504329649677,0.39251042832989014,0.14508246746171072,0.38401490484807743,0.2729927266837755,-0.2766301799138228,-0.07386856705800525,-0.19573937747123568,-0.1962441866007462,-0.5515783068764425,-0.6224547007697043,-0.17906167246470212,-0.5686569414927595,-0.6982431307578942,0.22487089856279024,0.21031150303775317,0.17573392601757448,0.22529963807181774,0.18318625330445223,-0.004078614524524843,-0.2855934010602572,0.4576273754035194,0.19557977476310204,0.6621192322452621,0.34170162949110006,0.3321720355379696,0.35972377469160366,0.3551765090820557,0.35518212742391786,-0.09050260691127078,-0.004078614524524843,0.012765899706650442,-0.2794160105859802,-0.02693716195566005,1.0,0.3702797555375031,0.3003574280114766,0.3925104694243522,-0.31883077940469934,0.27378719841709065,0.4853917061971843,0.36179402029123797,-0.23131616516270342,0.2570182745701573,0.0440072663777238,0.09662827129564971,-0.004940090366095339,-0.020670574953259687,-0.005335510500082468,-0.003184463835699885,-0.02381095227945459,-0.04978179023806781,-0.02364119549162999,-0.02391104573096804,-0.3441147607205585,0.36398751334231066,-0.08467950259573631,-0.0838236564756654,0.04403072849208808,0.07629941295957632
Average Packet Size,0.18760603576419538,0.47231408088480065,0.7648256067393508,0.9420789789505019,0.9210209712451911,0.9399723434027578,0.26110558616737006,0.9116787015890615,0.7591135179843649,0.9164199748118382,0.27473146593391695,0.9200338481844088,0.7589615257616258,0.8072294632530109,0.07425438109936301,-0.12810184671408226,0.363799950713801,0.13007171200793555,-0.5989805624006774,0.06788488224706131,-0.07879071589795085,0.4209657417627976,0.02998125371912283,-0.27188511814605665,0.6530738273459715,0.6217638212674992,0.7014150099832188,0.6491890896862235,0.554162215769444,0.07745243892711952,0.48545186266227003,0.7431305997974234,0.017232547982083273,0.3854810897384113,0.26102732110841964,0.9764151368693001,0.9986971789960372,0.9716884462877488,0.9716894910044477,-0.10226955995471755,0.07745243892711952,0.5045849602000888,-0.6538918530901161,-0.49541212669760015,0.3702797555375031,1.0,0.9116689910069378,0.9200339354745282,0.47231408088480065,0.9420789789505019,0.7648256067393508,0.9210209712451911,0.19690554814239017,0.14961309530536923,0.7473720060011404,0.10979459251035094,0.29577908940759406,0.07324299855785815,0.2950268358528552,0.2977448738268617,0.2755712457890548,0.050061919460131304,0.2754465389659189,0.2759574328258712,-0.24069002403442513,0.2593641825966575,-0.08409675050296124,0.25011384973130046,-0.17627189403351834,-0.1676417438451642
Avg Fwd Segment Size,0.14943462552088072,0.4201429364502751,0.7010766337170267,0.9591261392179878,0.8076699538789973,0.969360397636291,0.3034437282754351,0.9999997481620466,0.7873610592232974,0.8119353438078244,0.2301528063488767,0.7748016952822071,0.698705552717004,0.7724682243711455,0.06873448436766798,-0.1209589322543218,0.3609880530533729,0.0947388516507043,-0.556026276107403,0.06584970570446633,-0.048750838303556,0.4251485724922887,0.03756154646776442,-0.2224955604384413,0.6233066013679923,0.6151939978615465,0.6791429960334896,0.6221866420848305,0.580459719082633,0.15199233855758434,0.4335099955655633,0.6815142907122183,0.019741775713135148,0.36714472603416826,0.25103589194172526,0.9119177333052998,0.9161294247968652,0.890497556968711,0.8905015840328568,-0.1104393965570342,0.15199233855758434,0.47282168499078214,-0.6062341148213032,-0.4908792678861907,0.3003574280114766,0.9116689910069378,1.0,0.7748017427233155,0.4201429364502751,0.9591261392179878,0.7010766337170267,0.8076699538789973,0.1771928582962644,0.15610049595780606,0.7372420194268243,0.09272883523079888,0.2708577650729286,0.09343165319885026,0.27037689402279697,0.27212370371021294,0.2549569684196328,0.06979623316137737,0.2551767059476842,0.2545951441895774,-0.221384552207327,0.2396198749577159,-0.08286754184306842,0.22352402676120653,-0.15062035338830357,-0.1590608137527437
Avg Bwd Segment Size,0.22827751601008847,0.44104983149343,0.7790488191674599,0.8211686675090439,0.9832208380686543,0.8170827147118402,0.2006210725213242,0.7748133883587182,0.6611854876187495,0.981808424636473,0.34841170926237025,0.9999999988319901,0.7797709109013032,0.6890116847509232,0.021762087960194958,-0.07018789105626964,0.3409404282271034,0.1765502206247726,-0.5340627138880057,0.051894209166778164,-0.09588525652526077,0.39334636237963516,0.012209709087178479,-0.2908476374145106,0.6439983648347531,0.6101324115536426,0.6889329803798743,0.6391594448099915,0.5317352106756341,-0.12510506331032198,0.45732203438493263,0.762058091631383,-0.03604395988584618,0.38614803908388334,0.28487922838057944,0.9119259008944395,0.9206817315227148,0.9179016206434999,0.9178994646810031,-0.08777804652709742,-0.12510506331032198,0.5342874322872946,-0.7290738524764953,-0.4768856111181908,0.3925104694243522,0.9200339354745282,0.7748017427233155,1.0,0.44104983149343,0.8211686675090439,0.7790488191674599,0.9832208380686543,0.20638720596907356,0.13452876038019154,0.6707885749963582,0.1286420273542922,0.297196931408925,0.07148853944770867,0.2964416270407379,0.29916929215539484,0.2662459913617583,0.037172637606621775,0.2660459233792184,0.2671068644960077,-0.2939863611362776,0.31136243198734853,-0.07441835299272177,0.32406352748538664,-0.23977055926012755,-0.20199049607470626
Subflow Fwd Packets,0.6024481655364265,1.0,0.5215615949802408,0.5567564313751943,0.5310834586691108,0.5312788250330288,-0.5188024380402815,0.42015767439242097,0.7700416784489242,0.5108210804637229,-0.4844733398307529,0.44105014447223834,0.7649159588065918,0.15936036132897927,-0.3195352909647035,0.24733587578354285,0.7589527470313702,0.5181915668154871,-0.6164499321397033,0.7700134330347089,0.6588432893775241,0.8228644545082852,0.7389115874802381,0.487557025834675,0.7344948750548067,0.7050340704425262,0.7576783937374594,0.7277136165103416,0.6350087855122399,-0.04317753250405764,0.9436830446782947,0.5221647337402634,-0.32946725594942566,-0.25489972930312244,-0.4786718312385958,0.5239615734895475,0.4957377943920605,0.5180199025452008,0.5180160806452399,-0.009620119842644534,-0.04317753250405764,0.712355310112142,-0.2921715186553416,-0.3145210524498817,-0.31883077940469934,0.47231408088480065,0.4201429364502751,0.44104983149343,1.0,0.5567564313751943,0.5215615949802408,0.5310834586691108,0.7263011989002474,0.2836453320762227,0.8233687941601947,-0.07069371656121165,0.4392905522126466,0.21356747533493387,0.4394510580342571,0.43807367393837565,0.4280041701707482,0.2204966801146218,0.42855962235303874,0.42748612789733204,0.45267101375904684,-0.47117409402694904,0.07160383946074018,0.22260680018158235,-0.14704948655866928,-0.16235599147140323
Subflow Fwd Bytes,0.22286738006172432,0.5567564313751943,0.7740534546591,1.0,0.864972933191144,0.9908026108613759,0.2003005045856614,0.9591312857960093,0.8446242590845143,0.8543472489335507,0.13884087917427873,0.8211687568147016,0.7769287837649995,0.7759671951190104,0.05412196020690408,-0.11468333622844269,0.43237898487176235,0.15637250081849546,-0.6434309789451156,0.1626175284866694,0.014130611771788862,0.5003677557725559,0.12474820732597133,-0.1893257352481179,0.7113724239863216,0.6843624194713548,0.7603542224112442,0.7064253171823005,0.6295431404726193,0.16898803269495732,0.566645166294473,0.7542393580296319,0.002121552057336632,0.3412709162424331,0.16437475772104052,0.9480439909066768,0.9500921617721658,0.931339110887701,0.9313416389888669,-0.10999388172695107,0.16898803269495732,0.5391410073220537,-0.5960865887283079,-0.48865217700502345,0.27378719841709065,0.9420789789505019,0.9591261392179878,0.8211686675090439,0.5567564313751943,1.0,0.7740534546591,0.864972933191144,0.2659991471495742,0.20656922119645227,0.8455076326556581,0.10914506639540111,0.34868139718827174,0.13833028476297973,0.34830530288138767,0.3485194480256106,0.32803390112589,0.11232401820267458,0.3285429151031024,0.327426864479135,-0.13396170332936297,0.15127892997685538,-0.08287005586975366,0.2090082440464401,-0.13826680588661708,-0.1521702948042281
Subflow Bwd Packets,0.28357344632467263,0.5215615949802408,1.0,0.7740534546591,0.8318802604793992,0.7659960408851239,-0.0385867236491589,0.7010993170374087,0.735826630663572,0.8157441638811079,-0.011476820979441556,0.7790489835397215,0.8189974520716773,0.5335115099426632,0.01608144709177604,-0.08289254441317612,0.5779091632294463,0.21873798044192455,-0.7238736673997082,0.10190873616265057,-0.061859975863083956,0.5298666942936195,0.060186456513025476,-0.29490050882006985,0.8583195873487053,0.8359899279658192,0.8262974409794441,0.8534816991635196,0.7911916762042526,-0.019364154388205917,0.5350759457597208,0.9794516568221818,-0.062051085202520666,0.5288221615084394,-0.058587980712842644,0.7982125431682591,0.7790334552453276,0.8101228884662944,0.8101159544903093,-0.09269281813734889,-0.019364154388205917,0.6801099689158923,-0.5844072229664429,-0.30822862657793615,0.4853917061971843,0.7648256067393508,0.7010766337170267,0.7790488191674599,0.5215615949802408,0.7740534546591,1.0,0.8318802604793992,0.41410845346738,0.6119559890084,0.7696372353058117,0.08177681035999307,0.36842357284992516,0.14618458961615513,0.3681033061792985,0.3680822163836181,0.3322521002972357,0.09578861897612091,0.332565877114687,0.3325015411966695,0.043162739208039175,-0.02388554811499675,-0.10277319065868941,0.10369321453015243,-0.0842632598712097,-0.05454897410084217
Subflow Bwd Bytes,0.2843444469104191,0.5310834586691108,0.8318802604793992,0.864972933191144,1.0,0.8591679254581155,0.11970764493663573,0.807682024345412,0.7429709622208823,0.9910945381716462,0.2529011529194058,0.983220905859095,0.8404051934173923,0.6719232695971985,-0.008216779640578972,-0.04724031499547157,0.4157135549682014,0.22402213949318076,-0.5930425210809771,0.12776970819041597,-0.028705575300580183,0.4694868028122565,0.0863321717257653,-0.24008564311430358,0.727440475977037,0.6929436064664762,0.7736048275396715,0.7217861507339871,0.6152768508683454,-0.10978041243647714,0.5424532342969791,0.8134333406632458,-0.06728335460977021,0.3623386881961838,0.19629129344171228,0.9317734185482563,0.9280798759164844,0.9352270841131026,0.9352250958749645,-0.0865589848882986,-0.10978041243647714,0.6002931996528122,-0.7191492976414715,-0.4766279610827436,0.36179402029123797,0.9210209712451911,0.8076699538789973,0.9832208380686543,0.5310834586691108,0.864972933191144,0.8318802604793992,1.0,0.2925384255426411,0.19642938791906192,0.7566982840015163,0.11450616849894718,0.3422994685836688,0.11713955006307673,0.3417701974683981,0.3427974614822806,0.3090664734815926,0.07899420227858289,0.30931500556855956,0.30933041551180684,-0.20699893043131384,0.2234610032275026,-0.07441838229746414,0.31534743346876876,-0.23019249737809308,-0.20074134706075386
Init_Win_bytes_forward,0.5010354736389041,0.7263011989002474,0.41410845346738,0.2659991471495742,0.2925384255426411,0.2652456519041772,-0.7120221102746325,0.17719946399708664,0.5626001825876056,0.2947647029912665,-0.6878421756111007,0.20638744200282094,0.6130000336483904,-0.059571189817337944,-0.3154286984156261,0.26224450951276995,0.5999537009755344,0.4419369438808926,-0.4506255459433078,0.6086717192004018,0.5609650137098949,0.5947132831566652,0.5955133352102222,0.47970462441840445,0.6062648670373597,0.6029296735624391,0.5930291922950421,0.6071847682126368,0.561970483312264,-0.0844551960182776,0.7218495897341027,0.41704168648966455,-0.3265596858598219,-0.20573018897600223,-0.7044558171160847,0.2832556511036532,0.2214292701589101,0.2720660408713325,0.2720607643534403,-0.10214372705154899,-0.0844551960182776,0.8152565568683585,-0.1361228016644697,-0.1466964936508437,-0.23131616516270342,0.19690554814239017,0.1771928582962644,0.20638720596907356,0.7263011989002474,0.2659991471495742,0.41410845346738,0.2925384255426411,1.0,0.5113166907861293,0.5467992331275731,-0.08995109783650015,0.24480943894058396,0.03885407958850146,0.24420912000102693,0.24663113657791363,0.22695456776508405,0.03956558758696733,0.22699079414312215,0.22730908386259152,0.7334070527145928,-0.7200718763776416,-0.10959980461818834,0.20016918205884607,-0.14139342335327318,-0.13373674980402436
Init_Win_bytes_backward,0.14366570334189888,0.2836453320762227,0.6119559890084,0.20656922119645227,0.19642938791906192,0.20848216719132479,-0.40735281529935957,0.15611484329935346,0.36830122168868423,0.1863287510891352,-0.4514473545263713,0.13452904605344596,0.4061360036843881,0.017944674144049422,0.022168997751191338,-0.06856360157201873,0.4801806388734184,0.1032313976907441,-0.5008285470547317,0.09105750503821398,0.01568138804972962,0.385750873712987,0.07265525110972779,-0.1091371491721753,0.4939938887673455,0.49485319618168594,0.43980163321654336,0.4932529588846781,0.4970093015229522,0.09702846326724553,0.2906795869721292,0.6150425233197828,-0.026748139085492225,0.3973370194278013,-0.4987539977323087,0.19972739226498226,0.16493716487676768,0.21097843906105782,0.21096850433888537,-0.05215200740577746,0.09702846326724553,0.5175865121511974,-0.05679934982710045,0.10753997804959368,0.2570182745701573,0.14961309530536923,0.15610049595780606,0.13452876038019154,0.2836453320762227,0.20656922119645227,0.6119559890084,0.19642938791906192,0.5113166907861293,1.0,0.3579867052683872,-0.005978439868695558,0.17218799813330962,0.0810652082202264,0.17214499663236454,0.1714269038729317,0.1541495193872102,0.04745465691843243,0.15445321577979718,0.15354206447093505,0.5029787896896459,-0.4938333760623408,-0.07516477633128327,-0.23197646046148007,0.15056498775075822,0.1727646567026194
act_data_pkt_fwd,0.43861979671643364,0.8233687941601947,0.7696372353058117,0.8455076326556581,0.7566982840015163,0.8142832943523377,-0.22090554706656773,0.7372498035772209,0.9002610530713998,0.7393639228587977,-0.25383938739987116,0.6707888713120033,0.8796010630165555,0.4556901037624406,-0.12264243843597136,0.04903128156243191,0.6285323465935927,0.3539124143075398,-0.6967627601560353,0.46430151967933697,0.31484168708010524,0.6906993988146054,0.42433266073467807,0.09958471968208359,0.8303521472084796,0.7991616262564328,0.8678230152143512,0.8231800921504324,0.7394546209521861,0.007834798039588397,0.807063592739025,0.7497405994433157,-0.16222168292249445,0.12345501437172222,-0.2086409916474519,0.7942552837469934,0.768727352439039,0.770181664700218,0.7701820053689618,-0.07250503191169387,0.007834798039588397,0.6731748931632012,-0.4355996973654702,-0.32074566334777116,0.0440072663777238,0.7473720060011404,0.7372420194268243,0.6707885749963582,0.8233687941601947,0.8455076326556581,0.7696372353058117,0.7566982840015163,0.5467992331275731,0.3579867052683872,1.0,0.046850631179893173,0.45578296534358287,0.18668833875217417,0.45546345642985964,0.45492599581903903,0.4411323981323424,0.1672233305228969,0.44159916178236236,0.4406560950822975,0.2201591188172923,-0.21186883142794724,-0.055231774041885826,0.14534731225215922,-0.0882544709279164,-0.11638130365227413
min_seg_size_forward,-0.15816540821530417,-0.07069371656121165,0.08177681035999307,0.10914506639540111,0.11450616849894718,0.0964056832823378,0.1296620188748199,0.09272630750579067,0.022593505481471158,0.09723758197228688,0.14164341557093857,0.12864213891719534,0.02923562989957816,0.1867022986142123,0.18471832464257185,-0.1822467714405338,-0.07554381500654694,-0.16086274595490171,-0.06478209877137807,-0.15743760719849728,-0.18297985221056157,-0.06273538000145099,-0.16223141130661664,-0.19566993932502744,-0.014989286272885127,-0.026306756866205337,-0.0018744099234397427,-0.019302137064719962,-0.017204553760905107,0.10365678214985723,0.18079628299644454,0.15538520442659587,0.18074936070185812,0.202715456230021,0.14077378677284644,0.08774949873830501,0.10989938984774908,0.10510470571073566,0.10509366736525187,-0.13364698574028006,0.10365678214985723,-0.02088607235771661,-0.043142607405578695,-0.019628669838689734,0.09662827129564971,0.10979459251035094,0.09272883523079888,0.1286420273542922,-0.07069371656121165,0.10914506639540111,0.08177681035999307,0.11450616849894718,-0.08995109783650015,-0.005978439868695558,0.046850631179893173,1.0,0.035052036000584354,0.0011156573037663924,0.034856699401397725,0.034977812412751476,0.024230848428565054,0.00609591561137178,0.0251254201589387,0.02351393726067613,-0.10842475920206326,0.13978129097946798,-0.15739552190128914,-0.08307211960082214,0.09158865733187485,0.011502772366527012
Active Mean,0.48374172517197284,0.4392905522126466,0.36842357284992516,0.34868139718827174,0.3422994685836688,0.318469573302432,-0.154527614911296,0.2708916966294502,0.3676471561616853,0.3250649790646422,-0.13989810124336666,0.2971972916531344,0.40165434193205524,0.01313352235306035,-0.34380988161299614,0.3101159558497814,0.500790835610278,0.46979518085298305,-0.3264857281063993,0.4145460628926811,0.3075511353813012,0.4756343334858726,0.39201841232285856,0.06452123182131661,0.48515052137434533,0.4631476678235375,0.4852737910790966,0.4817330154896566,0.33245469397176314,0.0524752732336554,0.39669586362668446,0.3574622231493928,-0.3712846005704199,-0.1486953307861367,-0.13797135649297487,0.32664654666638027,0.3046888078173277,0.3073702087737486,0.30737087108471517,-0.038001101552366766,0.0524752732336554,0.2771763377612869,-0.16181670429363262,-0.14702722850394911,-0.004940090366095339,0.29577908940759406,0.2708577650729286,0.297196931408925,0.4392905522126466,0.34868139718827174,0.36842357284992516,0.3422994685836688,0.24480943894058396,0.17218799813330962,0.45578296534358287,0.035052036000584354,1.0,0.4339304169386888,0.9999395669314654,0.9993607896935383,0.9648003851108462,0.46129641792134657,0.9653755037049806,0.9642884148727286,0.10977422911173701,-0.13676439073074012,0.13457815121113365,0.06126744444431892,-0.027284680494316392,-0.06231620077574847
Active Std,0.25063642324784446,0.21356747533493387,0.14618458961615513,0.13833028476297973,0.11713955006307673,0.11572487868630511,-0.07360216868900965,0.09343304340551932,0.14145182639470116,0.08405010467439004,-0.06531525000951945,0.07148916917759987,0.11971602059774926,-0.032128830178681705,-0.1761285553663642,0.16203185255182595,0.23375571704965464,0.22067178460211775,-0.12291611232729398,0.25253386490266794,0.19230070174223607,0.2589297951843078,0.23513424609527953,0.04329930671880423,0.22486816687929378,0.20724891071922444,0.2177532102117559,0.21135491940634948,0.1514787254949651,0.14573680472259556,0.14324815966819188,0.14551681897514845,-0.187419427158518,-0.08810484362236597,-0.06641512367423473,0.08760708344731277,0.07868646923703641,0.08399693025426745,0.08399693305964692,-0.016809833630092568,0.14573680472259556,0.02532017548157719,-0.016415980961853347,-0.08223424629857913,-0.020670574953259687,0.07324299855785815,0.09343165319885026,0.07148853944770867,0.21356747533493387,0.13833028476297973,0.14618458961615513,0.11713955006307673,0.03885407958850146,0.0810652082202264,0.18668833875217417,0.0011156573037663924,0.4339304169386888,1.0,0.4413923034365885,0.4131761887999113,0.42301256867627285,0.9040887812160194,0.43312950853295135,0.40824489298741135,0.0048013216645946795,-0.06303935634502772,0.30308702753413796,-0.021695326042578643,0.04830349550156133,-0.02959717687804235
Active Max,0.48408161493521257,0.4394510580342571,0.3681033061792985,0.34830530288138767,0.3417701974683981,0.31801300000990523,-0.15460684931884355,0.2704107337613871,0.3672440139758657,0.32431104292086427,-0.1399428149769964,0.2964419921442656,0.40090820466783117,0.012661735855292448,-0.34407156405084227,0.3103894123007561,0.5008931780225415,0.46986801431809155,-0.3261852835233507,0.41521038779350294,0.30809794613655683,0.4760768918823878,0.3925814656456876,0.06468385513703583,0.48510440069634087,0.46303948824084545,0.4851417241076994,0.48155623527339625,0.3323868515424212,0.053255394853782966,0.3963371292056696,0.35717660868597473,-0.3715174452550838,-0.1489682892916622,-0.1380347328476268,0.32592130393180296,0.3039436141480954,0.30665293493257384,0.3066535946720377,-0.03800110155236986,0.053255394853782966,0.27643188881528846,-0.16145687346985343,-0.14715923349182697,-0.005335510500082468,0.2950268358528552,0.27037689402279697,0.2964416270407379,0.4394510580342571,0.34830530288138767,0.3681033061792985,0.3417701974683981,0.24420912000102693,0.17214499663236454,0.45546345642985964,0.034856699401397725,0.9999395669314654,0.4413923034365885,1.0,0.9990446209104904,0.9647377356551546,0.46786011812396266,0.9653982932791131,0.9640991698710384,0.10936443363166669,-0.13681459129330753,0.13699660315251264,0.06090357012585869,-0.026841112637341916,-0.062322490291323196
Active Min,0.4827202145716858,0.43807367393837565,0.3680822163836181,0.3485194480256106,0.3427974614822806,0.318985266320126,-0.15444138556457349,0.27215794421065886,0.3683879989109888,0.3268154853125333,-0.13986580142407426,0.29916962490442695,0.40330856156279205,0.013833515907622933,-0.34374514041331433,0.31005036868745395,0.5008641603333297,0.4695810025533634,-0.3271087514823896,0.4125607465590979,0.30641559563728815,0.47449713242678215,0.3903930250240521,0.0644480901796509,0.4844532678347995,0.46295230170675605,0.4849076221600574,0.481478714888359,0.3320889147099754,0.047825573444600145,0.3961347118421435,0.35709106756831244,-0.3713110096461155,-0.1484496945908981,-0.1379623323842967,0.3278796588409147,0.3065741940623805,0.30888594195955693,0.30888661111832777,-0.03800110155332517,0.047825573444600145,0.2800722288287697,-0.16412693403417575,-0.14656546751756092,-0.003184463835699885,0.2977448738268617,0.27212370371021294,0.29916929215539484,0.43807367393837565,0.3485194480256106,0.3680822163836181,0.3427974614822806,0.24663113657791363,0.1714269038729317,0.45492599581903903,0.034977812412751476,0.9993607896935383,0.4131761887999113,0.9990446209104904,1.0,0.9650284110594417,0.44271554886197434,0.9653224584808566,0.9649065679692885,0.11027233257883245,-0.13674465738539243,0.13185358560459368,0.06355751203608002,-0.029967604528156052,-0.06242194905500375
Idle Mean,0.50372165965043,0.4280041701707482,0.3322521002972357,0.32803390112589,0.3090664734815926,0.3011865008114271,-0.16305949374389778,0.25498009823349943,0.359688626459166,0.29289660116406874,-0.14674834494599545,0.26624639124727734,0.3743991849867925,-0.007268547553972773,-0.37520165549748663,0.34273221343488425,0.5138331146577775,0.4912117403318393,-0.30420734943838623,0.43257530410867745,0.332557811067952,0.4807809947033363,0.4116302243664223,0.08364172269479386,0.45747433039593344,0.4371535303290881,0.4579683885017012,0.45476730513262176,0.3099144840600667,0.049085190180513986,0.3726569233047817,0.32082289768461547,-0.40134666337360236,-0.17429382430246435,-0.14667868186254915,0.3055074370282239,0.2839146051007885,0.2888489538871659,0.2888499585649344,-0.039165644809190304,0.049085190180513986,0.2487319532199088,-0.13958019870098842,-0.14805779334233357,-0.02381095227945459,0.2755712457890548,0.2549569684196328,0.2662459913617583,0.4280041701707482,0.32803390112589,0.3322521002972357,0.3090664734815926,0.22695456776508405,0.1541495193872102,0.4411323981323424,0.024230848428565054,0.9648003851108462,0.42301256867627285,0.9647377356551546,0.9650284110594417,1.0,0.4658293536298597,0.9998217061766539,0.9995741277482225,0.10404900717159775,-0.14480591265827672,0.20659959928263127,0.06367252263662539,-0.02915733983711289,-0.0636907280195406
Idle Std,0.27356994135581897,0.2204966801146218,0.09578861897612091,0.11232401820267458,0.07899420227858289,0.08901393673761056,-0.06708741761180603,0.06979713723906669,0.10863985646206294,0.04856490335101111,-0.0744594196452509,0.037173202879136696,0.08905832855940893,-0.054592372709906696,-0.20714791559877616,0.1926619875748232,0.25510608482003116,0.2396360527055271,-0.0721867043162774,0.27713844300828017,0.2189072465761716,0.2815402139743453,0.25696467880445495,0.08150273538617496,0.1852081875474372,0.16930896870352857,0.18014203173566043,0.1729958600703192,0.11839540907525321,0.13635768042218602,0.136169595667155,0.09593195036489281,-0.2148202085422138,-0.11881080929359812,-0.057922500906815305,0.06169049214332692,0.055172940348782604,0.04584122050490338,0.04584122231502112,-0.01861448120217529,0.13635768042218602,0.03171530346810066,-0.027621814131709447,-0.09091801774279454,-0.04978179023806781,0.050061919460131304,0.06979623316137737,0.037172637606621775,0.2204966801146218,0.11232401820267458,0.09578861897612091,0.07899420227858289,0.03956558758696733,0.04745465691843243,0.1672233305228969,0.00609591561137178,0.46129641792134657,0.9040887812160194,0.46786011812396266,0.44271554886197434,0.4658293536298597,1.0,0.4765984674829883,0.44989173843888625,-0.0018873679170810511,-0.07265906646016064,0.388400162953166,-0.010016468817947684,0.036319309890284944,-0.032406898254279656
Idle Max,0.5041307077085826,0.42855962235303874,0.332565877114687,0.3285429151031024,0.30931500556855956,0.30143664904279927,-0.16301069961668135,0.2551995272261813,0.3597242830232118,0.29270374129765075,-0.1469129752333186,0.2660463254220806,0.37421663600845056,-0.00735378255100106,-0.37523092036260824,0.34275052537765355,0.51395300045395,0.49140917324207606,-0.3040119958372784,0.43333761890664757,0.3330097406835815,0.48143808880749406,0.41233293164629864,0.08372366649725181,0.4581402047840227,0.4376101029099809,0.4585794460068064,0.4553257043044527,0.31014513597819293,0.05116973046781549,0.3733570606335966,0.3212069489981058,-0.4013817217412786,-0.17436806368482785,-0.14657026289996422,0.3054043101103827,0.2838253797840556,0.2886156011282277,0.28861658748318963,-0.03916564480919064,0.05116973046781549,0.2481597718523534,-0.1388045857924772,-0.14839912660704352,-0.02364119549162999,0.2754465389659189,0.2551767059476842,0.2660459233792184,0.42855962235303874,0.3285429151031024,0.332565877114687,0.30931500556855956,0.22699079414312215,0.15445321577979718,0.44159916178236236,0.0251254201589387,0.9653755037049806,0.43312950853295135,0.9653982932791131,0.9653224584808566,0.9998217061766539,0.4765984674829883,1.0,0.9989685151436432,0.10433475963728159,-0.1449752281481173,0.2059774639606557,0.06298493307216799,-0.028303411106004598,-0.06372366723255835
Idle Min,0.5021922194629767,0.42748612789733204,0.3325015411966695,0.327426864479135,0.30933041551180684,0.30088803973832706,-0.16308384885213967,0.25461806013863897,0.3597845558260329,0.29382452011753324,-0.14625949014473535,0.26710725078449293,0.37526083194593857,-0.006508250863781801,-0.37412175008644966,0.3416348690530149,0.512811815312173,0.4899133518373404,-0.3050362940231358,0.4309864922362293,0.3313153653416533,0.4795707534593816,0.4100638039532777,0.0832128494538892,0.4568889893152915,0.43689587636000843,0.45745394214716595,0.45431433998990267,0.31013325231372596,0.0459052860497637,0.3723834449018158,0.3210205508830823,-0.4002161262311329,-0.17346138912057585,-0.1467200704634897,0.30604720135720515,0.28425779070772156,0.2896225798761289,0.28962356972162995,-0.03916564480919091,0.0459052860497637,0.2503095520099046,-0.14141746743773304,-0.14790946747621125,-0.02391104573096804,0.2759574328258712,0.2545951441895774,0.2671068644960077,0.42748612789733204,0.327426864479135,0.3325015411966695,0.30933041551180684,0.22730908386259152,0.15354206447093505,0.4406560950822975,0.02351393726067613,0.9642884148727286,0.40824489298741135,0.9640991698710384,0.9649065679692885,0.9995741277482225,0.44989173843888625,0.9989685151436432,1.0,0.10362373395358988,-0.1441489540910641,0.20541607386709912,0.06482580999597373,-0.030534097119295698,-0.06370972166335977
proto_TCP,0.2360608702570251,0.45267101375904684,0.043162739208039175,-0.13396170332936297,-0.20699893043131384,-0.13664811364218626,-0.8474106294244163,-0.2213771009192784,0.25419017638442615,-0.21086193965510797,-0.9268501931822529,-0.2939860999136498,0.24899689858098537,-0.3645179666971955,-0.14864265430259535,0.11704022195149238,0.3445360940576608,0.20323659216678377,-0.2711480681599507,0.4698180943718579,0.48399712927187666,0.29119967932062724,0.47418596281710235,0.5121634658505433,0.2894329796094046,0.290907905962662,0.26342109794370727,0.29025415602470234,0.28343893257080494,0.15709530476026873,0.4475146010293482,0.04095506295692865,-0.13470145169104972,-0.2956971008616101,-0.9505777515114533,-0.16485376402693933,-0.2193537608765086,-0.15828613956890714,-0.15828686981680865,0.056273300745608414,0.15709530476026873,0.3652757575371498,0.4757268197975323,0.27559637045341484,-0.3441147607205585,-0.24069002403442513,-0.221384552207327,-0.2939863611362776,0.45267101375904684,-0.13396170332936297,0.043162739208039175,-0.20699893043131384,0.7334070527145928,0.5029787896896459,0.2201591188172923,-0.10842475920206326,0.10977422911173701,0.0048013216645946795,0.10936443363166669,0.11027233257883245,0.10404900717159775,-0.0018873679170810511,0.10433475963728159,0.10362373395358988,1.0,-0.9818174964535819,-0.14943925643000244,-0.1520131223420989,0.0971610141458955,0.11522212215541486
proto_UDP,-0.2620077331254486,-0.47117409402694904,-0.02388554811499675,0.15127892997685538,0.2234610032275026,0.15399390449868003,0.8650723056330494,0.23961234137016055,-0.24604409578150965,0.22737013883151241,0.9444977718354151,0.3113621680032869,-0.24154122062418454,0.38449313136259705,0.17305446976132857,-0.14033558157874032,-0.36996454463267364,-0.22563600337074388,0.27083269235482405,-0.4993875118709812,-0.5118310438839326,-0.31776200293368506,-0.5017742903508841,-0.5286014640530848,-0.28142601160033925,-0.2829164354583572,-0.2559632681694668,-0.2822558163686364,-0.27537917221005836,-0.1542389188243395,-0.4259557598984427,-0.02203892917501172,0.15817442715867017,0.31804437065156327,0.9685305132959072,0.1827382810505108,0.23780371043741416,0.1758218159268911,0.1758225539696336,-0.055250111255232735,-0.1542389188243395,-0.35863412978031,-0.46707691520943734,-0.27058533847026567,0.36398751334231066,0.2593641825966575,0.2396198749577159,0.31136243198734853,-0.47117409402694904,0.15127892997685538,-0.02388554811499675,0.2234610032275026,-0.7200718763776416,-0.4938333760623408,-0.21186883142794724,0.13978129097946798,-0.13676439073074012,-0.06303935634502772,-0.13681459129330753,-0.13674465738539243,-0.14480591265827672,-0.07265906646016064,-0.1449752281481173,-0.1441489540910641,-0.9818174964535819,1.0,-0.040973634740048774,0.1475722694866246,-0.09343783490583739,-0.11303898105264448
proto_outro,0.12223210941855395,0.07160383946074018,-0.10277319065868941,-0.08287005586975366,-0.07441838229746414,-0.08287181263817736,-0.045616892205397705,-0.08286752097387629,-0.05634316355619388,-0.07444722105803596,-0.041195703580091,-0.0744183529058004,-0.05246276975744776,-0.0840962704377057,-0.1190207988889434,0.11493502583570145,0.11359491758667722,0.10555065694236637,0.016482763350761803,0.1283076214318499,0.11849172403383856,0.12242014849518432,0.11774948089333404,0.05759121222119396,-0.05754740695823713,-0.057547406957905715,-0.053263420017402086,-0.057547406958692975,-0.05749433487106223,-0.023476205532019182,-0.13678816143027672,-0.10077169128954629,-0.11489358400523357,-0.10021866452855346,-0.041486720766672536,-0.0841342192342303,-0.08409663422212882,-0.08267662935913148,-0.0826766299940922,-0.008409440220285622,-0.023476205532019182,-0.05458653759825753,-0.07109226221435298,-0.041184916675365814,-0.08467950259573631,-0.08409675050296124,-0.08286754184306842,-0.07441835299272177,0.07160383946074018,-0.08287005586975366,-0.10277319065868941,-0.07441838229746414,-0.10959980461818834,-0.07516477633128327,-0.055231774041885826,-0.15739552190128914,0.13457815121113365,0.30308702753413796,0.13699660315251264,0.13185358560459368,0.20659959928263127,0.388400162953166,0.2059774639606557,0.20541607386709912,-0.14943925643000244,-0.040973634740048774,1.0,0.031451214285534594,-0.02471092509864022,-0.017677678138162196
porta_conhecida,0.2922180721921227,0.22260680018158235,0.10369321453015243,0.2090082440464401,0.31534743346876876,0.21712032386361726,0.10768339971183949,0.22353212965405178,0.14562783162969767,0.32104478955852656,0.18150527873043074,0.3240633041418744,0.21453612190879187,0.18423314720936554,-0.27046605878297586,0.2655435132546121,0.13348542704583422,0.28438977786343017,0.021443442643921843,0.23263680788652955,0.21906193954629732,0.22070901799845313,0.2285710250422814,0.15563338197318485,0.11258207151126969,0.10461737081610456,0.13935549107717063,0.11264455879445623,0.06332091470271035,-0.1376157964425815,0.20144662733992483,0.10507723190621016,-0.26496461943129507,-0.11735780535194798,0.1509870430492798,0.252237165861641,0.24992899850010206,0.2512683984311895,0.2512437182118465,0.023884640659933436,-0.1376157964425815,0.22191463988732968,-0.3420575219535989,-0.3315703662214492,-0.0838236564756654,0.25011384973130046,0.22352402676120653,0.32406352748538664,0.22260680018158235,0.2090082440464401,0.10369321453015243,0.31534743346876876,0.20016918205884607,-0.23197646046148007,0.14534731225215922,-0.08307211960082214,0.06126744444431892,-0.021695326042578643,0.06090357012585869,0.06355751203608002,0.06367252263662539,-0.010016468817947684,0.06298493307216799,0.06482580999597373,-0.1520131223420989,0.1475722694866246,0.031451214285534594,1.0,-0.7856906532860181,-0.5620666336654836
porta_registada,-0.1901083207611806,-0.14704948655866928,-0.0842632598712097,-0.13826680588661708,-0.23019249737809308,-0.14888429797264263,-0.06588298293106193,-0.15062609831615834,-0.10181042445837195,-0.23658539119398228,-0.1342028609982928,-0.239770300329081,-0.15561050115544772,-0.13481540276445503,0.1736984662057325,-0.1696930296395493,-0.08716159521852566,-0.18544331223266905,0.00041469751839953457,-0.1442857154490913,-0.13393927070542816,-0.1478170707158734,-0.14126155650201805,-0.08715175477670516,-0.07514305169074269,-0.0689387168754775,-0.09629332920692125,-0.0756545482581248,-0.03918598293470345,0.11818149106486732,-0.12497596229724846,-0.0838929473600927,0.17147531192640256,0.05831913674927585,-0.09700459848724592,-0.1791020270574027,-0.17574802928972022,-0.18503094519784202,-0.18501618767035882,-0.018112770184039007,0.11818149106486732,-0.15225721318863678,0.2289931262780748,0.21691084910062164,0.04403072849208808,-0.17627189403351834,-0.15062035338830357,-0.23977055926012755,-0.14704948655866928,-0.13826680588661708,-0.0842632598712097,-0.23019249737809308,-0.14139342335327318,0.15056498775075822,-0.0882544709279164,0.09158865733187485,-0.027284680494316392,0.04830349550156133,-0.026841112637341916,-0.029967604528156052,-0.02915733983711289,0.036319309890284944,-0.028303411106004598,-0.030534097119295698,0.0971610141458955,-0.09343783490583739,-0.02471092509864022,-0.7856906532860181,1.0,-0.07004478462613475
porta_efemera,-0.21703689937405488,-0.16235599147140323,-0.05454897410084217,-0.1521702948042281,-0.20074134706075386,-0.1510557375443404,-0.08555763296324669,-0.159066198980367,-0.09870939367763652,-0.20138124189779133,-0.11325436308795778,-0.20199048211594772,-0.13789572221356405,-0.11683417221118621,0.20390099384740493,-0.20131848485676168,-0.09871480540600648,-0.21065062274734755,-0.03513268510990501,-0.18222485033038804,-0.17416809738824401,-0.15826950009407115,-0.17971193422430146,-0.13444224675954236,-0.0810762222752911,-0.0765280592029931,-0.09597137880136743,-0.08049311612106576,-0.04971549270872665,0.06390167951988067,-0.15774675183296394,-0.05727585269251098,0.1980020956854065,0.11127075358375851,-0.11377666364197703,-0.16728178222750023,-0.16804407042805136,-0.15779267362256086,-0.15777260673665774,-0.014298043601950628,0.06390167951988067,-0.15427715091481886,0.24541577229006623,0.2446588556704497,0.07629941295957632,-0.1676417438451642,-0.1590608137527437,-0.20199049607470626,-0.16235599147140323,-0.1521702948042281,-0.05454897410084217,-0.20074134706075386,-0.13373674980402436,0.1727646567026194,-0.11638130365227413,0.011502772366527012,-0.06231620077574847,-0.02959717687804235,-0.062322490291323196,-0.06242194905500375,-0.0636907280195406,-0.032406898254279656,-0.06372366723255835,-0.06370972166335977,0.11522212215541486,-0.11303898105264448,-0.017677678138162196,-0.5620666336654836,-0.07004478462613475,1.0
