,count,mean,std,min,25%,50%,75%,max,assimetria,curtose
Source Port,177482.0,38633.29872888518,18435.832044439056,0.0,34156.0,43105.5,52135.0,65530.0,-1.0256713211772075,-0.048855000708754925
Destination Port,177482.0,5763.328968571461,15155.981516882313,0.0,80.0,443.0,443.0,65267.0,2.5223394634456335,4.679622961352396
Protocol,177482.0,8.295917332461883,4.540500765641837,0.0,6.0,6.0,6.0,17.0,1.3553231791243956,-0.015461029991604036
Flow Duration,177482.0,11633097.691529281,23027975.86664468,2.0,46900.5,485402.5,10620349.5,119999100.0,2.53895065102528,6.281206823107534
Total Fwd Packets,177482.0,6.743928961810211,29.655514901709047,1.0,1.0,2.0,5.0,4502.0,47.25329194833012,4510.177763449671
Total Backward Packets,177482.0,9.908261119437464,106.4013513101524,0.0,0.0,1.0,4.0,12951.0,53.67668467364868,4217.686446262336
Total Length of Fwd Packets,177482.0,811.9194960615724,6055.745404535183,0.0,0.0,31.0,451.0,846614.0,61.28115780930286,6239.394303720655
Total Length of Bwd Packets,177482.0,10238.83536922054,151766.55392274933,0.0,0.0,31.0,495.0,18684972.0,55.20270253344977,4414.688472104111
Fwd Packet Length Max,177482.0,230.16896924758566,392.02595804011196,0.0,0.0,31.0,355.0,1460.0,1.885399115854516,2.5337941268950797
Fwd Packet Length Min,177482.0,13.323570840986692,67.7493349044414,0.0,0.0,0.0,21.0,1460.0,17.024388011787853,333.15841117634875
Fwd Packet Length Mean,177482.0,69.02038837298397,143.7958087655419,0.0,0.0,29.6,57.80000000000001,1460.0,4.311476190669349,25.138206151608614
Fwd Packet Length Std,177482.0,87.40602362839432,165.75884456223244,0.0,0.0,0.0,116.27553482998908,1032.3759005323593,2.2314037885672513,4.577391309120011
Bwd Packet Length Max,177482.0,350.48586898953135,558.2147120082665,0.0,0.0,31.0,358.0,1460.0,1.3167522874662119,-0.1018966987538037
Bwd Packet Length Min,177482.0,25.804774568688657,69.90691610571348,0.0,0.0,0.0,0.0,1460.0,6.588118835239392,83.74134337938132
Bwd Packet Length Mean,177482.0,181.39391764905093,319.7977427860707,0.0,0.0,15.5,174.79545454545453,1460.0,2.171177458782586,4.003255169917383
Bwd Packet Length Std,177482.0,134.08557314165708,236.34800974242688,0.0,0.0,0.0,161.2580747332259,917.1174951989522,1.4610475795989168,0.44896390609305525
Flow Bytes/s,177482.0,112452.89258233977,1085125.381175445,0.0,0.0,123.24699981721696,2943.0285301825215,155500000.0,45.39567913662026,3883.7902518771702
Flow Packets/s,177482.0,5381.977511107208,34983.75015748439,0.0168522759487384,0.7298007423190066,9.788543021007083,64.63915193432662,1000000.0,14.353777874086411,297.2546515915011
Flow IAT Mean,177482.0,3120753.4876003675,8221576.281467688,1.5,23500.807692307688,152006.0,1836499.2283813746,118678332.0,4.646459582748893,29.475062588747594
Flow IAT Std,177482.0,2775599.8355060364,7055235.463814079,0.0,0.0,0.0,1189252.6561266608,84398306.00953564,3.9588694546909204,20.498874593573085
Flow IAT Max,177482.0,10112077.148888338,19558162.05451761,2.0,37076.0,273186.5,10041571.0,119773643.0,2.4129024917820723,5.754799320528414
Flow IAT Min,177482.0,1822819.8628762353,7456968.082811604,-9.0,27.0,3406.0,116840.75,118678332.0,6.020874424073988,46.0156457001105
Fwd IAT Total,177482.0,8119007.5178666,19894693.00524761,0.0,0.0,198266.0,3850230.0,119999030.0,3.3166094477986494,11.51139647653526
Fwd IAT Mean,177482.0,3149868.266151005,8704632.598233072,0.0,0.0,35583.40476190476,1146195.5,118678332.0,4.438449786156967,26.15658135360542
Fwd IAT Std,177482.0,2253711.3713694387,7078261.20306399,0.0,0.0,0.0,148502.4897106372,84398306.00953564,4.482189110081057,24.42410376761777
Fwd IAT Max,177482.0,6786882.2051701015,16012999.911165334,0.0,0.0,88484.0,2993243.0,119851636.0,3.0410947839413316,9.819708269634813
Fwd IAT Min,177482.0,1853272.757468363,7742926.345434825,0.0,0.0,62.0,37485.75,118678332.0,5.931312814101187,43.82621719139386
Bwd IAT Total,177482.0,6320937.229138729,19148689.371116754,0.0,0.0,0.0,264852.25,119996974.0,3.671678561830888,13.673219146644133
Bwd IAT Mean,177482.0,1088392.191718633,5006249.060553171,0.0,0.0,0.0,40633.20625,118800912.0,8.741557172402402,96.67111619095591
Bwd IAT Std,177482.0,1597623.5946215608,5646288.075689248,0.0,0.0,0.0,39153.107035544905,83805898.31221859,5.207132006089072,34.88283767086944
Bwd IAT Max,177482.0,5343715.959342356,16175055.034284074,0.0,0.0,0.0,149502.75,119810606.0,3.625964757902851,13.49879117195934
Bwd IAT Min,177482.0,404043.1723949471,4105548.3018601253,0.0,0.0,0.0,7.0,118800912.0,13.507995704895349,202.99114266723447
Fwd PSH Flags,177482.0,0.08119696645293607,0.2731381325284057,0.0,0.0,0.0,0.0,1.0,3.0666370097020192,7.404345986859009
Bwd PSH Flags,177482.0,0.0,0.0,0.0,0.0,0.0,0.0,0.0,0.0,0.0
Fwd URG Flags,177482.0,0.0,0.0,0.0,0.0,0.0,0.0,0.0,0.0,0.0
Bwd URG Flags,177482.0,0.0,0.0,0.0,0.0,0.0,0.0,0.0,0.0,0.0
Fwd Header Length,177482.0,197.50008451561285,885.6284938647156,-4.0,32.0,64.0,160.0,147364.0,54.95896741622218,6221.759680833802
Bwd Header Length,177482.0,276.8494776935126,2760.546481267106,-6.0,0.0,32.0,136.0,414440.0,64.42715771761138,6956.653954024936
Fwd Packets/s,177482.0,4041.8512339909034,28696.829040538272,0.0084081469933109,0.4435452551336805,5.27453243785064,35.77292776510032,1000000.0,18.437215269507348,496.1785323979813
Bwd Packets/s,177482.0,1340.1262771163044,12067.566398995126,0.0,0.0,1.5553018739723092,21.214644470867213,500000.0,17.26078747571639,439.1918874312017
Min Packet Length,177482.0,9.540713987897364,47.18828096604062,0.0,0.0,0.0,0.0,1452.0,22.43335615168662,614.3557753906288
Max Packet Length,177482.0,403.8198915946406,581.6815502900831,0.0,0.0,55.0,733.0,1460.0,1.0679184517144016,-0.6933470313484862
Packet Length Mean,177482.0,130.70253688894317,214.40140668767614,0.0,0.0,37.333333333333336,158.40000000000003,1452.0,2.1730243680297363,4.694280074069457
Packet Length Std,177482.0,158.05747744658743,234.0107889164509,0.0,0.0,20.697557286586303,280.8993241214923,842.9313930168537,1.220704191807696,-0.14253433249200143
Packet Length Variance,177482.0,79742.90696183527,144678.99315408457,0.0,0.0,428.3888888888889,78904.43035714286,710533.3333333334,1.681122474424324,1.4628041357028652
FIN Flag Count,177482.0,0.011212404638216834,0.10529363270083635,0.0,0.0,0.0,0.0,1.0,9.284381038254242,84.20068009964548
SYN Flag Count,177482.0,0.08119696645293607,0.2731381325284057,0.0,0.0,0.0,0.0,1.0,3.0666370097020192,7.404345986859009
RST Flag Count,177482.0,0.0,0.0,0.0,0.0,0.0,0.0,0.0,0.0,0.0
PSH Flag Count,177482.0,0.32331165977394893,0.4677418766054913,0.0,0.0,0.0,1.0,1.0,0.755503580680941,-1.4292304453435283
ACK Flag Count,177482.0,0.4476397606517844,0.49725224835049703,0.0,0.0,0.0,1.0,1.0,0.21060067425706067,-1.9556693940757743
URG Flag Count,177482.0,0.21382450051272806,0.41000552515428274,0.0,0.0,0.0,0.0,1.0,1.3959749652428273,-0.05125447411604389
CWE Flag Count,177482.0,0.0,0.0,0.0,0.0,0.0,0.0,0.0,0.0,0.0
ECE Flag Count,177482.0,0.0,0.0,0.0,0.0,0.0,0.0,0.0,0.0,0.0
Down/Up Ratio,177482.0,0.6086701750036624,0.6512853493495122,0.0,0.0,1.0,1.0,18.0,1.8453045063624043,14.181291354368238
Average Packet Size,177482.0,144.41380696679914,223.0886869983952,0.0,0.0,55.0,185.24632352941177,1936.0,2.1198090377862315,4.8068270143597545
Avg Fwd Segment Size,177482.0,69.02038837298397,143.7958087655419,0.0,0.0,29.6,57.8,1460.0,4.311476190669349,25.138206151608614
Avg Bwd Segment Size,177482.0,181.39391764905093,319.7977427860707,0.0,0.0,15.5,174.79545454545453,1460.0,2.1711774587825863,4.0032551699173835
Fwd Header Length.1,177482.0,197.50008451561285,885.6284938647156,-4.0,32.0,64.0,160.0,147364.0,54.95896741622218,6221.759680833802
Fwd Avg Bytes/Bulk,177482.0,0.0,0.0,0.0,0.0,0.0,0.0,0.0,0.0,0.0
Fwd Avg Packets/Bulk,177482.0,0.0,0.0,0.0,0.0,0.0,0.0,0.0,0.0,0.0
Fwd Avg Bulk Rate,177482.0,0.0,0.0,0.0,0.0,0.0,0.0,0.0,0.0,0.0
Bwd Avg Bytes/Bulk,177482.0,0.0,0.0,0.0,0.0,0.0,0.0,0.0,0.0,0.0
Bwd Avg Packets/Bulk,177482.0,0.0,0.0,0.0,0.0,0.0,0.0,0.0,0.0,0.0
Bwd Avg Bulk Rate,177482.0,0.0,0.0,0.0,0.0,0.0,0.0,0.0,0.0,0.0
Subflow Fwd Packets,177482.0,6.743928961810211,29.655514901709047,1.0,1.0,2.0,5.0,4502.0,47.25329194833012,4510.177763449671
Subflow Fwd Bytes,177482.0,811.9194960615724,6055.745404535183,0.0,0.0,31.0,451.0,846614.0,61.28115780930286,6239.394303720655
Subflow Bwd Packets,177482.0,9.908261119437464,106.4013513101524,0.0,0.0,1.0,4.0,12951.0,53.67668467364868,4217.686446262336
Subflow Bwd Bytes,177482.0,10238.83536922054,151766.55392274933,0.0,0.0,31.0,495.0,18684972.0,55.20270253344977,4414.688472104111
Init_Win_bytes_forward,177482.0,22694.287465771176,30528.834317755984,-1.0,32.0,1505.0,65535.0,65535.0,0.6866455099441292,-1.5213277201256576
Init_Win_bytes_backward,177482.0,1668.1315739060863,7529.174674002286,-1.0,-1.0,1.0,360.0,65535.0,7.014702406739441,53.19964987777698
act_data_pkt_fwd,177482.0,1.673893690627782,6.848560976425473,0.0,0.0,0.0,1.0,586.0,22.877717363602468,1061.6633072208588
min_seg_size_forward,177482.0,27.802024994083908,6.652045538072215,-1.0,20.0,32.0,32.0,60.0,-0.5955503309477719,0.5116411541089394
Active Mean,177482.0,142135.56590234916,779889.7880942586,0.0,0.0,0.0,0.0,30594213.0,9.132501880170336,122.07650959189695
Active Std,177482.0,20475.291127854496,246982.10477976175,0.0,0.0,0.0,0.0,19938572.393978383,20.70002499667288,735.5904340249502
Active Max,177482.0,161734.20447143936,879148.0725412496,0.0,0.0,0.0,0.0,49022433.0,9.383146388079485,158.31712590148913
Active Min,177482.0,126438.7601728626,750680.2831070006,0.0,0.0,0.0,0.0,30594213.0,9.76429081053989,136.6372316470976
Idle Mean,177482.0,4540725.3503658725,15429574.23196585,0.0,0.0,0.0,0.0,119773643.0,4.00763545547964,16.85683752600562
Idle Std,177482.0,402452.67131320987,3246954.9591858024,0.0,0.0,0.0,0.0,74451824.53442091,10.77091310077726,135.43001975838627
Idle Max,177482.0,4894187.849832659,16275810.670967696,0.0,0.0,0.0,0.0,119773643.0,3.7691781242421474,14.438674657042107
Idle Min,177482.0,4234694.8800779795,15049797.331609154,0.0,0.0,0.0,0.0,119773643.0,4.247085029528786,18.903548629039435
