feature,media_auc,desvio
Init_Win_bytes_forward,0.05496851039854437,0.006484323454369032
Destination Port,0.02330142844683251,0.0060867329513085815
Fwd IAT Min,0.011326361002015303,0.0006573681263723221
Init_Win_bytes_backward,0.01039653852857155,0.0019514612424874974
Bwd Header Length,0.009051431009861832,0.00090898864744093
Bwd Packets/s,0.008883088270582299,0.0028801329507128423
Fwd IAT Total,0.007174179165706433,0.0002748740251452739
Flow IAT Mean,0.00650415129034787,0.000703653956499211
Fwd Packets/s,0.0048803793342869035,0.0007344277196919313
Down/Up Ratio,0.003465215680034032,0.000753230296793111
Flow Packets/s,0.0033049706276836823,0.00033380341054158524
Fwd Header Length,0.002985966337098208,0.000482040750195515
Packet Length Mean,0.002975045603349713,9.574691531307454e-05
Fwd IAT Max,0.0029486724028006486,0.0007651256232039405
Average Packet Size,0.002864352451749356,0.0003381807094453953
Flow Duration,0.0027656201037781956,0.001167341360544985
Flow IAT Min,0.002648017916540938,9.808337166479916e-05
Max Packet Length,0.0024918588530079924,0.0005703027147351214
Fwd Packet Length Max,0.0016878105444364893,0.0004783424803469442
Fwd Packet Length Mean,0.0016803071831534844,0.0005513257480121173
Flow Bytes/s,0.0013407243670691866,0.0003708315366331284
Packet Length Std,0.0009157072393469375,0.0003051637395775653
URG Flag Count,0.0008859166663324203,0.00011264328109575708
Flow IAT Max,0.0004144678475025791,0.0011358443784304562
Fwd Packet Length Min,0.0003690019355701013,0.0006069916648209923
Total Length of Fwd Packets,0.00032071297681820116,7.70514606554026e-05
Total Fwd Packets,0.0002935225785055673,0.00014463913910267923
Bwd IAT Std,0.0001988762193519585,3.581258967598831e-05
Bwd Packet Length Max,0.00017681187973761503,2.327161546202542e-05
Bwd IAT Mean,0.00016767412292761907,0.00016965632351281383
Bwd Packet Length Std,0.00014107805026127482,0.00014356989793221867
Fwd PSH Flags,0.00013847787555920643,3.8619878879658135e-05
Fwd Packet Length Std,0.00013728922426688625,0.00016922056266435557
Packet Length Variance,0.00010816726760424593,3.9410081578532426e-05
Total Length of Bwd Packets,0.00010578996501949452,0.00013852852267443643
Avg Fwd Segment Size,9.932667361730226e-05,9.896882796082687e-05
Idle Min,9.694937103258787e-05,0.0005852674703618041
Bwd Packet Length Mean,6.857032142763379e-05,3.0120094510205485e-05
Active Mean,5.1780621923162386e-05,3.510611211916307e-05
Total Backward Packets,5.155774980584541e-05,1.6624859058218433e-05
Idle Max,4.412867922868694e-05,8.19490804554396e-06
Min Packet Length,2.0727106910441624e-05,3.393857690879318e-05
Subflow Fwd Bytes,0.0,0.0
SYN Flag Count,0.0,0.0
FIN Flag Count,0.0,0.0
Fwd URG Flags,0.0,0.0
Active Std,0.0,0.0
Subflow Fwd Packets,0.0,0.0
Bwd Avg Bulk Rate,0.0,0.0
Bwd Avg Packets/Bulk,0.0,0.0
Bwd Avg Bytes/Bulk,0.0,0.0
Fwd Avg Bulk Rate,0.0,0.0
PSH Flag Count,0.0,0.0
RST Flag Count,0.0,0.0
Bwd PSH Flags,0.0,0.0
Bwd URG Flags,0.0,0.0
Fwd Avg Bytes/Bulk,0.0,0.0
Fwd Avg Packets/Bulk,0.0,0.0
ECE Flag Count,0.0,0.0
CWE Flag Count,0.0,0.0
ACK Flag Count,0.0,0.0
Avg Bwd Segment Size,0.0,0.0
Subflow Bwd Packets,0.0,0.0
Protocol,0.0,0.0
Subflow Bwd Bytes,0.0,0.0
Active Max,-9.509210338820573e-06,0.00019797353817663303
Active Min,-3.2093584893570316e-05,5.958096076501272e-06
Bwd Packet Length Min,-5.044338921922353e-05,3.846393668561888e-05
Bwd IAT Max,-0.00021960332626236312,9.857455676910468e-05
act_data_pkt_fwd,-0.00022056910543740335,7.838729174155589e-05
min_seg_size_forward,-0.00030518621931182227,0.0008275655443284287
Bwd IAT Total,-0.00040718735833689124,0.00016275993308387476
Idle Std,-0.00046023092225818313,0.0002312902220165434
Bwd IAT Min,-0.0004938846119729353,0.00016661008818242743
Idle Mean,-0.0006074008103927516,0.000347774036399984
Flow IAT Std,-0.001025583193183947,0.0004198919496807312
Fwd IAT Std,-0.0012190361910144147,0.00017543167771506138
Fwd IAT Mean,-0.001344216030240412,0.0003168946491094591
