n,trojan,limiar,auc_roc,auc_pr,exatidao,recall,precisao,f1,fpr,tn,fp,fn,tp,brier,alertas,dia
186,0,0.9275683468476112,,,0.9623655913978495,0.0,0.0,0.0,0.03763440860215054,179,7,0,0,0.33398159747330325,7,2017-06-30
872,0,0.9275683468476112,,,0.9541284403669725,0.0,0.0,0.0,0.045871559633027525,832,40,0,0,0.3263425641925197,40,2017-07-02
466,38,0.9275683468476112,0.6870081160846041,0.13269595583807095,0.8733905579399142,0.02631578947368421,0.043478260869565216,0.03278688524590164,0.0514018691588785,406,22,37,1,0.32728708570690324,23,2017-07-04
1455,14,0.9275683468476112,0.5664469118667592,0.011359381816324354,0.9525773195876288,0.0,0.0,0.0,0.03816793893129771,1386,55,14,0,0.31911962429266333,55,2017-07-05
1,0,0.9275683468476112,,,1.0,0.0,0.0,0.0,0.0,1,0,0,0,0.8577874814691829,0,2017-07-06
47,47,0.9275683468476112,,,0.0425531914893617,0.0425531914893617,1.0,0.08163265306122448,,0,0,45,2,0.13518869189497018,2,2017-07-10
1410,1410,0.9275683468476112,,,0.012056737588652482,0.012056737588652482,1.0,0.023826208829712685,,0,0,1393,17,0.150695254746858,17,2017-07-11
123,123,0.9275683468476112,,,0.07317073170731707,0.07317073170731707,1.0,0.13636363636363635,,0,0,114,9,0.20466801639297091,9,2017-07-13
627,627,0.9275683468476112,,,0.07177033492822966,0.07177033492822966,1.0,0.13392857142857142,,0,0,582,45,0.21851488509821004,45,2017-07-14
417,417,0.9275683468476112,,,0.09832134292565947,0.09832134292565947,1.0,0.17903930131004367,,0,0,376,41,0.19937767510743443,41,2017-07-17
