feature,psi
Flow IAT Min,0.6723334195314095
Fwd IAT Min,0.6554347500877438
Fwd Packets/s,0.6237016332885088
Flow Packets/s,0.6160663334015799
Fwd IAT Total,0.6139685233365132
Flow Duration,0.58597199296654
Fwd IAT Mean,0.5851078529440279
Flow IAT Max,0.5576857566727005
Flow IAT Mean,0.5563420852365409
Fwd IAT Max,0.5009049906706379
min_seg_size_forward,0.4923768820182852
Fwd Header Length,0.16429890114745352
Total Fwd Packets,0.1485937450969052
Subflow Fwd Packets,0.1485937450969052
Subflow Fwd Bytes,0.11140178168294677
Total Length of Fwd Packets,0.11140178168294677
Bwd Header Length,0.10671713295956065
Total Backward Packets,0.1055246156843238
Subflow Bwd Packets,0.1055246156843238
Fwd Packet Length Max,0.09856648077451302
Max Packet Length,0.0962252108334122
Average Packet Size,0.0883206728724928
Packet Length Mean,0.08602693759800617
Init_Win_bytes_forward,0.0825045237850287
Avg Fwd Segment Size,0.07668803875067857
Fwd Packet Length Mean,0.07668803875067857
Packet Length Std,0.07315562817634906
Packet Length Variance,0.07315562817634906
act_data_pkt_fwd,0.07084917470405099
Bwd Packets/s,0.061766574630475975
Bwd Packet Length Max,0.057069038786859386
Fwd IAT Std,0.056413950449164633
Flow Bytes/s,0.05617560755873424
Total Length of Bwd Packets,0.05347805787020893
Subflow Bwd Bytes,0.05347805787020893
Flow IAT Std,0.041066522761164424
Bwd Packet Length Mean,0.039017952213181675
Avg Bwd Segment Size,0.039017952213181675
Down/Up Ratio,0.036135658293484946
Min Packet Length,0.033041111057430114
Fwd Packet Length Std,0.03253266143273848
Bwd IAT Mean,0.026868398835937966
Init_Win_bytes_backward,0.026476794238785992
Bwd IAT Max,0.025145578977363053
Bwd IAT Min,0.022425207257521448
Bwd IAT Total,0.02189711658319221
Bwd IAT Std,0.020473378180545065
Fwd Packet Length Min,0.012229967275887092
Bwd Packet Length Min,0.012159343455310832
Bwd Packet Length Std,0.008497446046283113
Bwd Avg Bulk Rate,0.00011478960397702792
Bwd Avg Packets/Bulk,0.00011478960397702792
Bwd URG Flags,0.00011478960397702792
RST Flag Count,0.00011478960397702792
Bwd Avg Bytes/Bulk,0.00011478960397702792
Fwd Avg Bulk Rate,0.00011478960397702792
ECE Flag Count,0.00011478960397702792
CWE Flag Count,0.00011478960397702792
Fwd URG Flags,0.00011478960397702792
Bwd PSH Flags,0.00011478960397702792
Fwd Avg Packets/Bulk,0.00011478960397702792
Fwd Avg Bytes/Bulk,0.00011478960397702792
FIN Flag Count,3.827141738076257e-05
Fwd PSH Flags,3.827141738076257e-05
SYN Flag Count,3.827141738076257e-05
PSH Flag Count,3.827141738076257e-05
ACK Flag Count,3.827141738076257e-05
URG Flag Count,3.827141738076257e-05
Active Mean,3.827141738076257e-05
Active Std,3.827141738076257e-05
Active Max,3.827141738076257e-05
Active Min,3.827141738076257e-05
Idle Mean,3.827141738076257e-05
Idle Std,3.827141738076257e-05
Idle Max,3.827141738076257e-05
Idle Min,3.827141738076257e-05
proto_TCP,3.827141738076257e-05
proto_UDP,3.827141738076257e-05
proto_outro,3.827141738076257e-05
porta_conhecida,3.827141738076257e-05
porta_registada,3.827141738076257e-05
porta_efemera,3.827141738076257e-05
